date,time,home_team,away_team,score,match_url,Expected_goals_(xG)_home,Expected_goals_(xG)_away,Ball_possession_home,Ball_possession_away,Total_shots_home,Total_shots_away,Shots_on_target_home,Shots_on_target_away,Corner_kicks_home,Corner_kicks_away,Passes_home,Passes_away,Red_cards_home,Red_cards_away,Shots_off_target_home,Shots_off_target_away,Blocked_shots_home,Blocked_shots_away,Offsides_home,Offsides_away,Fouls_home,Fouls_away,Goalkeeper_saves_home,Goalkeeper_saves_away,Yellow_cards_home,Yellow_cards_away,Free_kicks_home,Free_kicks_away,Throw_ins_home,Throw_ins_away
30.04.2023,21:00,Cremonese,Verona,1:1,https://www.flashscore.co.uk/match/football/APhRAf8N/#/match-summary,0.49,1.21,51%,49%,12,14,5,6,3,5,"74%,(287/388)","71%,(253/356)",1,0,6,3,1,5,2,3,10,16,5,4,,,,,,
12.06.2023,02:45,Spezia,Verona Winner,1:3,https://www.flashscore.co.uk/match/football/Q3DqQz7n/#/match-summary,2.37,0.75,69%,31%,17,9,10,5,9,5,"82%,(380/464)","60%,(134/222)",0,1,5,2,2,2,0,1,11,18,2,9,2,5,18,11,28,17
08.01.2023,19:30,Salernitana,Torino,1:1,https://www.flashscore.co.uk/match/football/plv4wk7m/#/match-summary,,,39%,61%,11,23,4,8,6,7,"69%,(219/316)","81%,(407/502)",,,3,8,4,7,1,1,10,15,7,3,2,3,17,10,13,25
28.01.2023,22:00,Empoli,Torino,2:2,https://www.flashscore.co.uk/match/football/tEI6wAOp/#/match-summary,,,47%,53%,11,16,4,4,5,5,"79%,(302/382)","78%,(349/447)",,,3,8,4,4,1,1,12,9,2,2,2,0,13,21,29,26
04.01.2023,23:30,AS Roma,Bologna,1:0,https://www.flashscore.co.uk/match/football/bZA2LGo2/#/match-summary,,,39%,61%,14,10,4,2,3,3,"79%,(300/380)","85%,(506/595)",,,4,3,6,5,1,1,10,10,2,3,2,3,10,11,21,23
05.06.2023,03:00,Lecce,Bologna,2:3,https://www.flashscore.co.uk/match/football/KjMc6ZHU/#/match-summary,1.64,0.87,39%,61%,20,11,7,7,7,2,"82%,(283/347)","87%,(498/573)",,,7,2,6,2,0,1,11,9,4,5,1,2,3,6,9,8
13.11.2022,22:00,AS Roma,Torino,1:1,https://www.flashscore.co.uk/match/football/0O0NUKOF/#/match-summary,,,48%,52%,13,10,4,2,7,0,"76%,(335/441)","80%,(393/491)",,,5,4,4,4,0,1,13,10,1,3,3,2,13,23,24,22
01.09.2022,00:30,Sampdoria,Lazio,1:1,https://www.flashscore.co.uk/match/football/zP99GFoF/#/match-summary,,,44%,56%,10,13,3,6,5,7,"86%,(419/487)","89%,(550/620)",,,4,3,3,4,2,2,10,7,5,2,0,2,19,16,15,12
02.10.2022,21:00,Sassuolo,Salernitana,5:0,https://www.flashscore.co.uk/match/football/025FnvSA/#/match-summary,,,44%,56%,17,6,11,1,1,2,"86%,(365/426)","85%,(459/537)",,,4,5,2,0,1,3,10,8,1,6,1,1,13,15,19,21
07.02.2023,01:30,Verona,Lazio,1:1,https://www.flashscore.co.uk/match/football/G8hqiThp/#/match-summary,,,36%,64%,15,9,4,2,6,5,"66%,(210/316)","80%,(457/572)",,,9,5,2,2,0,2,16,12,1,3,4,1,14,16,19,17
18.03.2023,03:45,Atalanta,Empoli,2:1,https://www.flashscore.co.uk/match/football/z9Dxs4WS/#/match-summary,3.05,0.86,70%,30%,27,5,6,2,13,2,"87%,(554/639)","68%,(200/294)",,,15,2,6,1,2,1,11,10,1,4,3,2,19,16,32,22
23.10.2022,21:00,Bologna,Lecce,2:0,https://www.flashscore.co.uk/match/football/Kn2Awe6f/#/match-summary,,,54%,46%,12,9,3,3,9,4,"76%,(312/408)","75%,(269/358)",,,9,5,0,1,1,1,11,14,3,1,5,2,19,23,25,27
23.05.2023,00:30,AS Roma,Salernitana,2:2,https://www.flashscore.co.uk/match/football/pvXf0tks/#/match-summary,1.34,1.04,59%,41%,22,8,5,3,6,4,"84%,(453/539)","75%,(290/387)",,,7,3,10,2,0,1,9,14,1,3,1,4,15,9,35,21
19.02.2023,22:00,Salernitana,Lazio,0:2,https://www.flashscore.co.uk/match/football/W0AgQKkK/#/match-summary,0.47,3.25,35%,65%,9,21,2,7,2,9,"80%,(320/398)","88%,(661/751)",1,0,5,7,2,7,1,2,10,7,5,2,5,1,9,9,9,22
05.06.2023,03:00,AS Roma,Spezia,2:1,https://www.flashscore.co.uk/match/football/hviCPdIh/#/match-summary,2.19,1.03,69%,31%,19,8,5,2,6,2,"87%,(448/517)","70%,(163/234)",0,1,11,4,3,2,1,0,14,17,1,3,2,9,16,15,24,18
05.01.2023,03:45,Inter,Napoli,1:0,https://www.flashscore.co.uk/match/football/xKMgNxHk/#/match-summary,,,37%,63%,6,9,1,2,5,4,"80%,(270/337)","88%,(526/598)",,,5,4,0,3,4,2,12,7,2,0,3,2,9,16,20,34
22.08.2022,02:45,Atalanta,AC Milan,1:1,https://www.flashscore.co.uk/match/football/C8eFyKIG/#/match-summary,,,41%,59%,11,18,2,7,4,6,"79%,(270/342)","86%,(447/521)",,,7,9,2,2,0,3,15,6,6,1,4,3,9,14,15,23
29.01.2023,22:00,Juventus,Monza,0:2,https://www.flashscore.co.uk/match/football/fH6l2g1o/#/match-summary,,,46%,54%,22,3,8,3,12,1,"84%,(348/414)","84%,(448/533)",,,7,0,7,0,3,2,12,10,1,8,0,2,12,15,22,21
29.01.2023,01:00,Cremonese,Inter,1:2,https://www.flashscore.co.uk/match/football/6LRvrjGT/#/match-summary,,,35%,65%,12,30,4,10,2,14,"77%,(251/326)","88%,(520/591)",,,6,12,2,8,0,3,7,12,8,3,0,2,19,9,12,15
04.04.2023,00:30,Empoli,Lecce,1:0,https://www.flashscore.co.uk/match/football/tAIjlLwd/#/match-summary,1.76,0.16,53%,47%,14,5,7,0,3,4,"73%,(291/397)","69%,(238/344)",1,0,2,3,5,2,0,2,10,15,0,6,3,2,16,10,37,26
17.10.2022,00:00,Napoli,Bologna,3:2,https://www.flashscore.co.uk/match/football/ADSQoJbE/#/match-summary,,,48%,52%,30,16,11,3,6,4,"84%,(408/486)","84%,(440/524)",,,8,7,11,6,2,1,6,10,1,8,0,4,11,8,27,18
23.04.2023,02:45,Sampdoria,Spezia,1:1,https://www.flashscore.co.uk/match/football/b7tGDdO4/#/match-summary,1.74,2.54,45%,55%,13,19,3,7,9,9,"78%,(274/350)","82%,(352/431)",,,7,6,3,6,2,0,9,11,6,2,1,1,15,15,18,20
12.11.2022,03:45,Empoli,Cremonese,2:0,https://www.flashscore.co.uk/match/football/4xHKAaXq/#/match-summary,,,50%,50%,13,19,6,5,4,9,"80%,(349/436)","80%,(334/418)",,,4,6,3,8,1,1,9,14,5,4,1,2,15,10,18,24
04.01.2023,21:30,Spezia,Atalanta,2:2,https://www.flashscore.co.uk/match/football/84hgrvgF/#/match-summary,,,35%,65%,7,19,3,3,3,8,"67%,(210/313)","82%,(475/579)",,,3,9,1,7,1,1,11,11,1,1,3,3,11,12,25,25
05.06.2023,00:30,Napoli,Sampdoria,2:0,https://www.flashscore.co.uk/match/football/z3d7Qx3n/#/match-summary,2.14,0.58,73%,27%,21,6,9,4,11,0,"92%,(713/771)","79%,(220/279)",,,7,2,5,0,1,0,7,7,4,7,0,1,5,9,19,11
17.10.2022,02:45,Verona,AC Milan,1:2,https://www.flashscore.co.uk/match/football/djxXPyxe/#/match-summary,,,46%,54%,19,16,5,6,9,3,"69%,(229/334)","76%,(303/399)",,,7,5,7,5,0,1,7,9,4,4,3,2,9,7,22,22
14.05.2023,21:00,Fiorentina,Udinese,2:0,https://www.flashscore.co.uk/match/football/jHkjW1z1/#/match-summary,1.41,0.21,45%,55%,18,5,3,1,3,3,"81%,(294/363)","83%,(364/439)",1,1,10,3,5,1,2,1,15,15,1,1,3,3,17,16,16,22
28.05.2023,02:45,Inter,Atalanta,3:2,https://www.flashscore.co.uk/match/football/0zRNgdYO/#/match-summary,2.53,0.81,52%,48%,20,11,11,3,9,7,"88%,(429/488)","86%,(394/458)",,,6,5,3,3,1,1,8,18,2,8,0,1,20,9,14,11
05.11.2022,22:00,Empoli,Sassuolo,1:0,https://www.flashscore.co.uk/match/football/4AKV1VlC/#/match-summary,,,47%,53%,17,10,1,3,3,6,"83%,(347/418)","84%,(390/464)",,,9,4,7,3,4,0,11,11,3,0,2,0,11,16,24,30
16.10.2022,21:00,Lazio,Udinese,0:0,https://www.flashscore.co.uk/match/football/I5QuOF67/#/match-summary,,,55%,45%,8,12,3,2,7,3,"82%,(388/473)","81%,(316/390)",,,4,7,1,3,0,1,8,11,2,3,1,4,11,8,31,29
05.02.2023,19:30,Spezia,Napoli,0:3,https://www.flashscore.co.uk/match/football/0dSnBlpG/#/match-summary,,,31%,69%,9,12,3,5,3,6,"71%,(201/283)","86%,(544/633)",,,5,4,1,3,1,4,19,18,2,3,3,2,22,19,7,22
08.04.2023,18:30,Udinese,Monza,2:2,https://www.flashscore.co.uk/match/football/G4400nll/#/match-summary,1.89,1.28,40%,60%,14,12,5,5,4,2,"86%,(323/374)","88%,(503/569)",,,6,5,3,2,1,1,12,21,3,3,1,3,20,13,14,7
03.04.2023,00:00,AS Roma,Sampdoria,3:0,https://www.flashscore.co.uk/match/football/MPck9MFL/#/match-summary,3.56,0.29,51%,49%,28,6,11,3,10,3,"88%,(371/421)","86%,(362/420)",0,1,10,2,7,1,2,1,11,13,3,8,3,5,13,13,20,10
10.01.2023,01:30,Verona,Cremonese,2:0,https://www.flashscore.co.uk/match/football/CxyxzG0e/#/match-summary,,,47%,53%,9,15,4,5,3,5,"71%,(276/389)","72%,(316/439)",,,3,5,2,5,2,1,16,11,5,2,3,4,12,18,31,23
06.11.2022,03:45,AC Milan,Spezia,2:1,https://www.flashscore.co.uk/match/football/zcs3qNYp/#/match-summary,,,59%,41%,23,13,11,5,3,6,"77%,(329/427)","65%,(195/300)",1,0,3,5,9,3,0,0,12,13,4,9,6,4,20,17,19,25
22.01.2023,19:30,Sampdoria,Udinese,0:1,https://www.flashscore.co.uk/match/football/xtzOoYG4/#/match-summary,,,55%,45%,9,14,1,5,6,6,"82%,(334/407)","77%,(265/344)",,,5,4,3,5,4,1,15,17,4,1,3,1,25,24,21,19
15.08.2022,00:30,Fiorentina,Cremonese,3:2,https://www.flashscore.co.uk/match/football/CnKvPtZA/#/match-summary,,,75%,25%,27,13,11,4,11,4,"89%,(507/567)","65%,(124/190)",0,1,7,3,9,6,1,1,10,19,2,8,0,3,31,15,15,10
06.11.2022,19:30,Bologna,Torino,2:1,https://www.flashscore.co.uk/match/football/6P1S2BZ5/#/match-summary,,,56%,44%,9,7,5,2,3,1,"76%,(385/504)","75%,(299/400)",,,4,2,0,3,1,5,14,17,1,3,3,3,20,14,25,21
04.06.2023,00:30,Torino,Inter,0:1,https://www.flashscore.co.uk/match/football/QikKNzm5/#/match-summary,1.25,0.96,41%,59%,17,14,5,4,6,4,"83%,(311/376)","87%,(502/576)",,,8,8,4,2,1,1,6,7,3,5,1,2,9,8,16,13
20.03.2023,01:00,Lazio,AS Roma,1:0,https://www.flashscore.co.uk/match/football/pr3Cz29d/#/match-summary,0.55,0.73,69%,31%,12,8,5,3,5,2,"92%,(635/690)","81%,(242/299)",1,2,3,3,4,2,1,1,18,13,3,4,4,4,14,17,13,18
12.03.2023,03:45,Bologna,Lazio,0:0,https://www.flashscore.co.uk/match/football/ELo1sDQB/#/match-summary,0.97,0.89,54%,46%,16,5,2,2,5,2,"89%,(558/630)","88%,(468/534)",,,8,2,6,1,3,3,11,8,2,2,2,3,10,14,23,17
14.08.2022,00:30,Sampdoria,Atalanta,0:2,https://www.flashscore.co.uk/match/football/jg76wtl4/#/match-summary,,,52%,48%,11,9,1,3,3,2,"80%,(360/452)","76%,(283/370)",,,5,3,5,3,1,1,13,21,1,1,4,6,23,14,23,18
01.04.2023,21:00,Cremonese,Atalanta,1:3,https://www.flashscore.co.uk/match/football/boTok1Ok/#/match-summary,,,42%,58%,15,12,4,4,0,6,"76%,(312/412)","83%,(474/571)",,,6,5,5,3,0,3,13,10,1,3,3,2,12,13,22,29
13.05.2023,02:45,Lazio,Lecce,2:2,https://www.flashscore.co.uk/match/football/vwWphqcK/#/match-summary,2.00,1.54,67%,33%,20,13,6,4,2,3,"82%,(491/599)","69%,(203/295)",,,6,7,8,2,0,0,11,13,2,4,3,5,12,10,31,19
08.02.2023,03:45,Salernitana,Juventus,0:3,https://www.flashscore.co.uk/match/football/4UYwDAF3/#/match-summary,0.83,2.34,53%,47%,10,17,1,5,6,3,"85%,(471/554)","86%,(427/497)",,,6,8,3,4,0,3,9,12,2,1,1,1,14,8,15,16
22.10.2022,21:00,Salernitana,Spezia,1:0,https://www.flashscore.co.uk/match/football/E5oDcGcQ/#/match-summary,,,44%,56%,17,14,4,2,4,7,"77%,(246/319)","80%,(327/409)",,,6,9,7,3,1,2,9,8,2,3,2,4,14,17,22,22
13.11.2022,03:45,Bologna,Sassuolo,3:0,https://www.flashscore.co.uk/match/football/2TUhFuPS/#/match-summary,,,52%,48%,8,9,4,3,4,6,"84%,(415/494)","84%,(381/454)",,,1,4,3,2,2,1,12,6,3,1,1,0,8,18,19,29
08.01.2023,22:00,Spezia,Lecce,0:0,https://www.flashscore.co.uk/match/football/tGXCyTy0/#/match-summary,,,58%,42%,10,15,2,4,5,7,"70%,(301/429)","65%,(201/311)",,,7,6,1,5,1,1,14,15,4,2,0,1,16,15,45,31
12.09.2022,02:45,Juventus,Salernitana,2:2,https://www.flashscore.co.uk/match/football/8ANy6MTO/#/match-summary,,,61%,39%,22,11,7,5,8,2,"89%,(505/566)","82%,(292/356)",2,1,11,3,4,3,6,2,13,15,3,5,5,4,16,16,11,19
13.02.2023,01:00,Juventus,Fiorentina,1:0,https://www.flashscore.co.uk/match/football/4YtXkvE7/#/match-summary,1.07,0.71,44%,56%,7,11,3,2,5,6,"77%,(289/376)","83%,(385/464)",,,2,6,2,3,5,2,11,17,2,2,5,2,18,16,14,15
22.10.2022,02:45,Juventus,Empoli,4:0,https://www.flashscore.co.uk/match/football/4z4MzgjD/#/match-summary,,,43%,57%,21,12,7,4,6,4,"84%,(319/379)","88%,(469/533)",,,6,6,8,2,2,1,13,11,4,3,2,2,12,15,15,22
06.11.2022,22:00,Sampdoria,Fiorentina,0:2,https://www.flashscore.co.uk/match/football/bVSc54e4/#/match-summary,,,48%,52%,14,5,2,4,4,4,"77%,(313/409)","79%,(357/452)",,,6,1,6,0,2,2,10,18,2,2,1,0,19,12,30,22
04.09.2022,21:00,Spezia,Bologna,2:2,https://www.flashscore.co.uk/match/football/6uv8C6ps/#/match-summary,,,45%,55%,15,13,5,6,7,2,"78%,(274/351)","80%,(362/454)",,,4,7,6,0,0,5,12,5,4,4,4,1,10,13,24,27
20.05.2023,21:00,Cremonese,Bologna,1:5,https://www.flashscore.co.uk/match/football/Ii9XruK6/#/match-summary,0.94,2.47,37%,63%,13,19,2,9,3,9,"81%,(286/353)","89%,(551/619)",0,1,5,8,6,2,1,1,7,13,4,1,1,2,17,8,10,16
31.10.2022,03:45,Torino,AC Milan,2:1,https://www.flashscore.co.uk/match/football/pADJ4X4g/#/match-summary,,,44%,56%,7,12,4,1,6,1,"73%,(236/323)","78%,(333/427)",,,2,8,1,3,3,0,11,16,0,2,5,2,16,14,21,24
13.11.2022,01:00,Sampdoria,Lecce,0:2,https://www.flashscore.co.uk/match/football/SpXJTvvM/#/match-summary,,,57%,43%,11,11,2,3,9,0,"67%,(263/393)","59%,(183/310)",,,4,5,5,3,6,5,14,19,1,2,2,3,33,27,23,22
15.08.2022,00:30,Lazio,Bologna,2:1,https://www.flashscore.co.uk/match/football/2yDiMvJT/#/match-summary,,,41%,59%,9,11,6,3,3,2,"81%,(248/305)","84%,(381/451)",1,1,2,6,1,2,3,2,11,18,2,4,2,6,23,18,21,18
29.01.2023,19:30,AC Milan,Sassuolo,2:5,https://www.flashscore.co.uk/match/football/UZb1aio4/#/match-summary,,,61%,39%,10,9,5,7,2,3,"78%,(321/412)","74%,(200/270)",,,5,0,0,2,5,3,13,8,2,3,7,4,11,17,25,18
21.05.2023,00:00,Atalanta,Verona,3:1,https://www.flashscore.co.uk/match/football/v1ATqL40/#/match-summary,1.43,1.16,59%,41%,13,10,5,2,6,3,"82%,(471/574)","76%,(293/386)",,,3,4,5,4,4,1,9,11,1,2,1,3,12,16,29,14
05.03.2023,19:30,Spezia,Verona,0:0,https://www.flashscore.co.uk/match/football/6ergqZea/#/match-summary,1.44,1.21,69%,31%,20,11,4,3,9,5,"83%,(408/492)","61%,(128/210)",1,0,11,7,5,1,0,0,6,7,3,4,2,1,7,6,25,20
28.08.2022,02:45,Spezia,Sassuolo,2:2,https://www.flashscore.co.uk/match/football/dYlz2GWL/#/match-summary,,,42%,58%,7,21,2,8,2,6,"75%,(301/399)","83%,(451/543)",1,0,4,9,1,4,3,1,17,10,6,0,2,1,10,21,20,25
16.04.2023,18:30,Lecce,Sampdoria,1:1,https://www.flashscore.co.uk/match/football/MN6iLmQD/#/match-summary,2.55,0.69,41%,59%,30,8,11,2,11,8,"73%,(225/310)","81%,(375/465)",,,11,1,8,5,3,0,16,12,1,10,1,4,12,19,24,26
04.02.2023,22:00,Cremonese,Lecce,0:2,https://www.flashscore.co.uk/match/football/KOiEdkVM/#/match-summary,,,58%,42%,12,9,3,4,4,8,"81%,(417/514)","70%,(253/359)",,,5,3,4,2,2,1,12,15,2,3,1,2,16,14,27,25
14.08.2022,02:45,Lecce,Inter,1:2,https://www.flashscore.co.uk/match/football/4paJHbRp/#/match-summary,,,30%,70%,10,19,4,9,6,8,"72%,(184/256)","86%,(516/600)",,,4,5,2,5,2,3,21,19,7,3,4,2,22,23,11,22
23.05.2023,02:45,Empoli,Juventus,4:1,https://www.flashscore.co.uk/match/football/zT3xraZC/#/match-summary,2.44,2.10,39%,61%,14,19,7,4,3,7,"75%,(224/299)","82%,(373/455)",,,6,11,1,4,3,0,20,19,3,3,2,2,14,21,13,27
17.09.2022,02:45,Salernitana,Lecce,1:2,https://www.flashscore.co.uk/match/football/EBCTx3bn/#/match-summary,,,57%,43%,8,13,4,4,4,5,"85%,(417/492)","80%,(294/366)",,,4,6,0,3,6,0,9,11,2,3,1,3,11,15,29,18
12.09.2022,00:00,Lazio,Verona,2:0,https://www.flashscore.co.uk/match/football/MDBJU56P/#/match-summary,,,60%,40%,15,7,6,1,3,5,"83%,(402/482)","78%,(228/294)",,,6,4,3,2,3,3,5,23,1,4,2,5,26,8,19,19
30.01.2023,03:45,Napoli,AS Roma,2:1,https://www.flashscore.co.uk/match/football/Odb5bB0A/#/match-summary,,,57%,43%,11,11,6,3,3,8,"85%,(508/598)","78%,(346/444)",,,4,4,1,4,0,0,8,14,2,4,1,2,14,8,21,21
05.09.2022,02:45,Udinese,AS Roma,4:0,https://www.flashscore.co.uk/match/football/SfSGApFg/#/match-summary,,,43%,57%,11,12,5,2,3,7,"83%,(320/386)","87%,(447/515)",,,5,6,1,4,0,2,16,13,2,1,3,2,15,16,10,21
02.10.2022,00:00,Inter,AS Roma,1:2,https://www.flashscore.co.uk/match/football/INBdWIsU/#/match-summary,,,58%,42%,15,10,2,3,5,1,"86%,(465/541)","83%,(335/404)",,,8,6,5,1,1,0,15,14,1,1,4,3,21,22,21,18
28.05.2023,00:00,Fiorentina,AS Roma,2:1,https://www.flashscore.co.uk/match/football/SMSFeI3C/#/match-summary,2.32,1.13,66%,34%,15,8,5,4,7,4,"89%,(437/491)","73%,(191/262)",,,3,3,7,1,0,2,11,12,3,3,5,3,14,11,25,18
13.11.2022,22:00,Monza,Salernitana,3:0,https://www.flashscore.co.uk/match/football/SA2FWtf3/#/match-summary,,,57%,43%,19,5,7,0,6,1,"89%,(502/564)","85%,(352/414)",0,1,4,4,8,1,4,1,9,11,0,4,0,2,13,19,15,17
31.08.2022,02:45,AS Roma,Monza,3:0,https://www.flashscore.co.uk/match/football/h0K4HeW8/#/match-summary,,,39%,61%,14,13,7,1,5,4,"84%,(329/392)","92%,(545/592)",,,3,8,4,4,2,1,10,7,1,4,0,3,8,12,16,13
22.08.2022,00:30,Napoli,Monza,4:0,https://www.flashscore.co.uk/match/football/O0fgUyBj/#/match-summary,,,54%,46%,22,4,5,1,10,4,"89%,(435/489)","85%,(346/407)",,,8,3,9,0,1,0,11,13,1,1,2,1,16,14,13,17
15.01.2023,22:00,Torino,Spezia,0:1,https://www.flashscore.co.uk/match/football/ziCkkn6a/#/match-summary,,,67%,33%,11,13,4,5,7,2,"81%,(473/587)","68%,(197/289)",,,5,5,2,3,3,1,13,12,4,4,3,3,13,15,26,16
18.09.2022,18:30,Udinese,Inter,3:1,https://www.flashscore.co.uk/match/football/lrKuz1r5/#/match-summary,,,44%,56%,20,16,6,4,7,4,"80%,(251/315)","80%,(336/420)",,,5,9,9,3,1,2,11,13,3,4,3,4,15,12,24,20
30.10.2022,22:00,Spezia,Fiorentina,1:2,https://www.flashscore.co.uk/match/football/Gz9F5Dkm/#/match-summary,,,49%,51%,10,27,6,5,5,5,"69%,(214/312)","70%,(230/328)",1,0,3,8,1,14,2,1,19,14,3,5,5,3,15,20,25,20
05.06.2023,03:00,AC Milan,Verona,3:1,https://www.flashscore.co.uk/match/football/dCc3RImt/#/match-summary,2.21,0.75,79%,21%,14,6,5,1,7,1,"88%,(589/667)","59%,(103/176)",,,5,4,4,1,2,3,5,18,0,2,1,4,21,8,22,17
07.02.2023,03:45,Monza,Sampdoria,2:2,https://www.flashscore.co.uk/match/football/d4VVEWpi/#/match-summary,,,72%,28%,17,11,5,6,9,3,"86%,(550/637)","68%,(175/259)",,,5,2,7,3,0,0,12,12,4,3,2,4,11,12,31,12
09.10.2022,00:00,AC Milan,Juventus,2:0,https://www.flashscore.co.uk/match/football/2TQeS9td/#/match-summary,,,40%,60%,21,10,3,3,9,3,"72%,(250/347)","85%,(463/544)",,,11,3,7,4,1,0,7,7,3,1,2,3,11,10,27,20
14.05.2023,18:30,Verona,Torino,0:1,https://www.flashscore.co.uk/match/football/pvkfVLk7/#/match-summary,0.48,1.56,42%,58%,14,15,4,8,3,4,"70%,(234/334)","79%,(379/480)",,,4,5,6,2,0,0,8,17,7,4,3,2,17,8,17,21
21.08.2022,00:30,Torino,Lazio,0:0,https://www.flashscore.co.uk/match/football/CMzljJX9/#/match-summary,,,54%,46%,10,7,1,2,6,4,"84%,(403/479)","79%,(335/425)",,,7,2,2,3,4,0,11,12,2,1,0,5,12,15,19,12
23.08.2022,02:45,Sampdoria,Juventus,0:0,https://www.flashscore.co.uk/match/football/Gfsuhu3c/#/match-summary,,,47%,53%,10,10,1,4,3,4,"84%,(334/398)","87%,(381/438)",,,7,5,2,1,1,3,8,14,4,1,3,2,17,8,24,13
22.05.2023,02:45,Udinese,Lazio,0:1,https://www.flashscore.co.uk/match/football/WfZ6cvZa/#/match-summary,0.60,2.07,39%,61%,12,14,2,4,3,8,"86%,(363/422)","90%,(589/654)",,,6,7,4,3,2,1,15,9,3,2,3,1,10,16,16,12
26.02.2023,22:00,Salernitana,Monza,3:0,https://www.flashscore.co.uk/match/football/WxUAWeCg/#/match-summary,2.09,1.39,38%,62%,12,14,5,3,1,3,"82%,(287/350)","88%,(500/568)",0,1,4,1,3,10,1,2,12,16,3,2,2,4,23,21,15,20
07.05.2023,18:30,Atalanta,Juventus,0:2,https://www.flashscore.co.uk/match/football/IBguyiMS/#/match-summary,1.18,1.13,59%,41%,24,10,1,5,7,3,"87%,(505/580)","82%,(335/407)",,,13,2,10,3,0,2,13,16,3,1,1,2,18,13,22,16
04.03.2023,22:00,Monza,Empoli,2:1,https://www.flashscore.co.uk/match/football/v9KVRXQO/#/match-summary,,,43%,57%,10,18,3,3,1,8,"81%,(313/386)","87%,(431/495)",,,4,4,3,11,6,2,10,12,2,1,2,3,14,15,20,23
19.03.2023,19:30,Sampdoria,Verona,3:1,https://www.flashscore.co.uk/match/football/hpp3cPG9/#/match-summary,1.43,1.38,44%,56%,11,16,4,6,5,8,"71%,(239/339)","78%,(331/427)",,,2,6,5,4,1,2,10,11,5,1,3,2,13,11,24,28
07.05.2023,21:00,Torino,Monza,1:1,https://www.flashscore.co.uk/match/football/GbcwZ3jr/#/match-summary,0.87,0.50,53%,47%,14,10,5,8,7,4,"81%,(366/454)","80%,(325/406)",,,2,2,7,0,0,1,16,9,7,4,2,1,10,12,12,12
05.11.2022,22:00,Salernitana,Cremonese,2:2,https://www.flashscore.co.uk/match/football/pSOg6ptb/#/match-summary,,,52%,48%,11,11,2,5,2,2,"80%,(346/433)","78%,(310/397)",,,7,5,2,1,0,6,14,10,3,0,2,2,16,13,16,22
18.09.2022,21:00,Cremonese,Lazio,0:4,https://www.flashscore.co.uk/match/football/lUv7L1TB/#/match-summary,,,44%,56%,18,14,3,6,8,5,"84%,(300/358)","85%,(401/470)",,,10,4,5,4,3,0,12,9,2,3,1,1,9,14,26,14
22.01.2023,01:00,Salernitana,Napoli,0:2,https://www.flashscore.co.uk/match/football/fHpJnE1b/#/match-summary,,,26%,74%,5,9,2,4,3,4,"68%,(184/271)","90%,(713/792)",,,2,4,1,1,4,3,14,15,2,2,2,2,22,24,16,11
30.10.2022,00:00,Lecce,Juventus,0:1,https://www.flashscore.co.uk/match/football/IaTvCFCJ/#/match-summary,,,36%,64%,5,13,0,5,7,7,"68%,(206/303)","82%,(450/549)",,,4,4,1,4,2,0,16,13,4,0,3,5,18,27,19,25
22.04.2023,02:45,Verona,Bologna,2:1,https://www.flashscore.co.uk/match/football/j1JlcyvO/#/match-summary,1.51,1.65,27%,73%,9,17,5,7,4,2,"63%,(148/235)","88%,(596/679)",,,1,6,3,4,0,1,11,11,6,3,2,4,11,11,18,32
22.05.2023,00:00,Napoli,Inter,3:1,https://www.flashscore.co.uk/match/football/vcfS4MtQ/#/match-summary,0.67,0.07,71%,29%,22,6,9,2,4,1,"93%,(779/838)","82%,(282/344)",0,1,8,2,5,2,1,2,10,14,1,6,1,2,17,10,13,10
06.02.2023,03:45,Inter,AC Milan,1:0,https://www.flashscore.co.uk/match/football/faimjm8j/#/match-summary,,,64%,36%,15,4,4,0,8,0,"84%,(480/571)","74%,(244/330)",,,6,4,5,0,2,1,13,14,0,3,2,5,14,15,23,18
23.10.2022,18:30,Udinese,Torino,1:2,https://www.flashscore.co.uk/match/football/bwNqhfLm/#/match-summary,,,54%,46%,16,16,4,5,7,4,"82%,(342/418)","77%,(271/354)",,,10,9,2,2,1,0,12,15,3,3,2,4,26,19,30,8
18.10.2022,00:30,Sampdoria,AS Roma,0:1,https://www.flashscore.co.uk/match/football/hxIVpwEK/#/match-summary,,,59%,41%,8,7,1,4,4,3,"78%,(349/447)","72%,(223/309)",,,5,2,2,1,0,3,20,20,3,1,5,3,23,19,20,21
21.05.2023,21:00,Torino,Fiorentina,1:1,https://www.flashscore.co.uk/match/football/h4z3bKJg/#/match-summary,0.86,0.86,57%,43%,10,8,4,1,3,3,"85%,(428/504)","78%,(291/373)",,,5,4,1,3,5,1,9,11,0,3,1,2,10,13,13,17
05.03.2023,22:00,Sampdoria,Salernitana,0:0,https://www.flashscore.co.uk/match/football/CdkpoeRn/#/match-summary,0.59,1.01,56%,44%,9,10,3,4,2,6,"78%,(356/456)","74%,(256/346)",,,5,4,1,2,1,1,18,13,4,3,3,4,14,19,24,21
17.09.2022,21:00,Bologna,Empoli,0:1,https://www.flashscore.co.uk/match/football/65k2MsE5/#/match-summary,,,60%,40%,16,12,3,5,5,8,"79%,(313/396)","66%,(167/253)",,,9,4,4,3,4,0,11,16,4,3,2,3,16,15,31,20
16.04.2023,00:00,Napoli,Verona,0:0,https://www.flashscore.co.uk/match/football/YaZK3Lft/#/match-summary,0.42,0.47,80%,20%,9,5,1,2,4,0,"90%,(700/781)","59%,(117/200)",,,4,3,4,0,2,2,11,16,2,1,1,4,18,12,22,12
30.01.2023,01:00,Lazio,Fiorentina,1:1,https://www.flashscore.co.uk/match/football/Y75h1DGi/#/match-summary,,,45%,55%,13,17,1,6,3,4,"80%,(381/476)","84%,(498/593)",,,10,6,2,5,1,2,12,17,5,0,2,3,19,13,13,19
27.02.2023,01:00,Udinese,Spezia,2:2,https://www.flashscore.co.uk/match/football/ATSEVFRa/#/match-summary,2.57,2.73,49%,51%,15,9,6,2,5,2,"83%,(336/405)","82%,(353/431)",,,5,3,4,4,0,1,11,16,0,4,2,2,22,14,20,19
23.10.2022,02:45,Fiorentina,Inter,3:4,https://www.flashscore.co.uk/match/football/h00IyZz7/#/match-summary,,,58%,42%,10,8,4,7,1,2,"82%,(403/489)","73%,(252/344)",,,4,1,2,0,0,4,15,14,3,1,4,3,18,14,26,17
16.08.2022,00:30,Verona,Napoli,2:5,https://www.flashscore.co.uk/match/football/fB9qO0lH/#/match-summary,,,34%,66%,6,25,3,8,4,8,"72%,(187/260)","85%,(439/516)",,,3,11,0,6,1,2,15,6,3,1,2,2,10,23,11,17
12.11.2022,22:00,Napoli,Udinese,3:2,https://www.flashscore.co.uk/match/football/MX1JV099/#/match-summary,,,64%,36%,15,10,5,4,5,3,"86%,(552/642)","80%,(295/369)",,,5,2,5,4,0,1,12,13,2,2,2,3,26,23,24,17
04.06.2023,03:00,Empoli,Lazio,0:2,https://www.flashscore.co.uk/match/football/8GIg7F2O/#/match-summary,0.21,1.57,47%,53%,7,21,1,11,6,7,"86%,(422/490)","89%,(497/560)",1,0,2,3,4,7,1,2,7,10,9,1,3,2,12,8,21,22
01.09.2022,00:30,Udinese,Fiorentina,1:0,https://www.flashscore.co.uk/match/football/tOysb7Vm/#/match-summary,,,26%,74%,8,12,3,2,3,7,"77%,(165/213)","90%,(593/658)",,,3,5,2,5,6,0,13,9,2,2,1,2,17,26,16,29
09.01.2023,03:45,AC Milan,AS Roma,2:2,https://www.flashscore.co.uk/match/football/0bHWecNE/#/match-summary,,,61%,39%,12,12,5,3,3,4,"86%,(438/508)","80%,(256/321)",,,6,4,1,5,0,1,19,13,1,3,4,7,14,19,15,21
05.02.2023,01:00,AS Roma,Empoli,2:0,https://www.flashscore.co.uk/match/football/A7ZZDj0c/#/match-summary,,,45%,55%,12,11,6,2,7,7,"81%,(328/406)","85%,(430/506)",,,3,7,3,2,3,0,10,18,2,4,2,1,18,13,14,22
15.04.2023,21:00,Bologna,AC Milan,1:1,https://www.flashscore.co.uk/match/football/AR34a63f/#/match-summary,0.67,1.53,51%,49%,6,19,2,5,2,6,"82%,(352/431)","84%,(328/389)",,,3,9,1,5,1,2,12,17,4,1,3,4,20,13,21,21
31.10.2022,01:00,Lazio,Salernitana,1:3,https://www.flashscore.co.uk/match/football/4ducmWZI/#/match-summary,,,61%,39%,13,10,4,6,4,5,"89%,(588/660)","82%,(344/422)",,,6,3,3,1,3,4,10,7,3,3,3,3,11,12,19,13
01.09.2022,02:45,Napoli,Lecce,1:1,https://www.flashscore.co.uk/match/football/E9L0IyH2/#/match-summary,,,71%,29%,19,9,7,4,6,4,"87%,(569/654)","73%,(194/266)",,,8,4,4,1,4,3,1,3,3,6,1,4,34,13,32,17
07.03.2023,03:45,Torino,Bologna,1:0,https://www.flashscore.co.uk/match/football/pnscrgB5/#/match-summary,1.01,0.49,43%,57%,12,11,5,1,3,3,"81%,(331/409)","86%,(457/530)",,,4,4,3,6,5,1,9,10,1,4,2,2,12,14,27,17
04.05.2023,00:00,Sampdoria,Torino,0:2,https://www.flashscore.co.uk/match/football/pbeXxDiG/#/match-summary,0.25,2.08,41%,59%,7,12,0,4,2,3,"77%,(310/403)","86%,(498/579)",1,0,3,5,4,3,1,1,13,11,2,0,3,2,14,14,17,16
11.09.2022,21:00,Lecce,Monza,1:1,https://www.flashscore.co.uk/match/football/bZ2oQPEt/#/match-summary,,,53%,47%,7,2,3,1,8,5,"85%,(303/357)","82%,(260/319)",,,1,0,3,1,1,0,18,22,0,2,3,3,22,19,21,19
06.05.2023,21:00,AC Milan,Lazio,2:0,https://www.flashscore.co.uk/match/football/42ScgYyc/#/match-summary,0.93,0.64,52%,48%,10,8,3,0,6,4,"88%,(494/560)","87%,(461/531)",,,4,5,3,3,2,1,10,8,0,1,2,4,9,11,15,14
05.01.2023,01:30,Cremonese,Juventus,0:1,https://www.flashscore.co.uk/match/football/6yWNSbgS/#/match-summary,,,44%,56%,13,19,3,8,3,8,"72%,(240/333)","81%,(344/425)",,,6,8,4,3,2,2,12,12,7,3,5,3,15,14,35,30
09.04.2023,00:30,Verona,Sassuolo,2:1,https://www.flashscore.co.uk/match/football/8pxY0bN1/#/match-summary,0.58,1.93,40%,60%,11,17,3,5,4,10,"72%,(225/312)","80%,(381/476)",,,5,4,3,8,1,0,12,14,4,1,3,4,13,13,16,24
05.03.2023,01:00,Atalanta,Udinese,0:0,https://www.flashscore.co.uk/match/football/hhIJUZt6/#/match-summary,1.53,0.32,67%,33%,17,5,5,1,12,3,"84%,(527/627)","70%,(215/307)",,,8,3,4,1,3,2,12,12,1,5,2,3,13,13,34,15
06.11.2022,01:00,Atalanta,Napoli,1:2,https://www.flashscore.co.uk/match/football/O0CN3iKa/#/match-summary,,,46%,54%,17,7,4,5,5,2,"80%,(359/449)","82%,(445/543)",,,3,2,10,0,2,2,10,9,3,3,5,1,14,15,27,30
09.05.2023,00:30,Empoli,Salernitana,2:1,https://www.flashscore.co.uk/match/football/xdzCVUqj/#/match-summary,2.69,0.83,49%,51%,11,13,4,2,8,7,"79%,(324/410)","84%,(356/424)",,,6,7,1,4,3,1,10,18,1,2,2,2,18,14,23,16
15.05.2023,00:00,Bologna,AS Roma,0:0,https://www.flashscore.co.uk/match/football/CQjnXsLf/#/match-summary,0.37,0.95,72%,28%,12,7,3,2,3,6,"89%,(630/708)","76%,(199/262)",,,4,4,5,1,0,0,12,11,2,3,2,1,10,13,21,26
29.04.2023,02:45,Spezia,Monza,0:2,https://www.flashscore.co.uk/match/football/ChFdQZ7A/#/match-summary,1.75,0.91,45%,55%,12,8,4,4,3,3,"83%,(325/392)","84%,(423/504)",,,5,2,3,2,1,0,10,16,2,4,1,2,,,,
27.05.2023,02:45,Sampdoria,Sassuolo,2:2,https://www.flashscore.co.uk/match/football/vyRxBc3a/#/match-summary,2.00,3.15,48%,52%,17,22,3,8,8,4,"77%,(317/412)","83%,(387/466)",,,9,8,5,6,3,3,14,10,6,1,1,2,15,16,16,20
07.05.2023,00:00,AS Roma,Inter,0:2,https://www.flashscore.co.uk/match/football/QHG6iC69/#/match-summary,0.99,0.89,50%,50%,15,10,3,4,12,5,"85%,(387/455)","86%,(396/459)",,,7,3,5,3,0,0,8,12,2,3,3,2,12,9,18,8
12.02.2023,22:00,Bologna,Monza,0:1,https://www.flashscore.co.uk/match/football/WrkKhtUl/#/match-summary,0.69,0.81,63%,37%,12,5,3,4,3,2,"85%,(427/503)","71%,(218/308)",,,8,1,1,0,0,2,15,18,3,3,1,4,20,15,37,14
16.08.2022,02:45,Juventus,Sassuolo,3:0,https://www.flashscore.co.uk/match/football/8EDmNK3N/#/match-summary,,,42%,58%,14,19,4,7,3,2,"84%,(324/386)","90%,(477/530)",,,7,6,3,6,4,2,7,5,7,1,1,3,6,9,15,18
20.02.2023,03:45,AS Roma,Verona,1:0,https://www.flashscore.co.uk/match/football/hABkR0zE/#/match-summary,0.86,0.42,46%,54%,9,7,5,1,5,1,"71%,(284/402)","77%,(355/464)",,,0,2,4,4,0,0,15,19,1,4,1,2,19,15,25,23
09.04.2023,02:45,Lazio,Juventus,2:1,https://www.flashscore.co.uk/match/football/6Vfy0Ix8/#/match-summary,1.33,2.21,50%,50%,9,11,4,4,6,6,"84%,(383/454)","85%,(373/441)",,,3,4,2,3,1,0,11,15,3,2,2,5,24,17,17,16
04.09.2022,18:30,Cremonese,Sassuolo,0:0,https://www.flashscore.co.uk/match/football/KEzocRpf/#/match-summary,,,46%,54%,10,17,0,7,2,3,"80%,(305/382)","81%,(369/456)",,,9,6,1,4,3,2,16,6,7,0,1,1,8,19,17,28
18.09.2022,02:45,Torino,Sassuolo,0:1,https://www.flashscore.co.uk/match/football/6JUzysTb/#/match-summary,,,58%,42%,12,10,3,5,4,3,"85%,(442/521)","77%,(293/379)",,,2,2,7,3,3,0,13,7,4,3,4,1,9,21,16,23
10.11.2022,01:30,Lecce,Atalanta,2:1,https://www.flashscore.co.uk/match/football/vkpTKqei/#/match-summary,,,39%,61%,15,12,3,4,4,3,"65%,(212/326)","76%,(392/516)",,,6,2,6,6,1,2,11,12,3,1,1,2,13,12,26,37
14.01.2023,22:00,Cremonese,Monza,2:3,https://www.flashscore.co.uk/match/football/ETVKZ66C/#/match-summary,,,50%,50%,11,8,7,3,4,2,"73%,(292/400)","75%,(315/420)",,,3,4,1,1,5,2,12,12,0,5,2,4,21,19,33,27
10.01.2023,03:45,Bologna,Atalanta,1:2,https://www.flashscore.co.uk/match/football/GAsTyxWr/#/match-summary,,,51%,49%,12,7,3,3,4,0,"79%,(422/534)","80%,(412/515)",,,7,4,2,0,1,1,16,15,1,2,3,2,16,17,28,23
10.09.2022,21:00,Napoli,Spezia,1:0,https://www.flashscore.co.uk/match/football/tbhjPqUn/#/match-summary,,,64%,36%,28,10,6,1,10,5,"91%,(469/516)","81%,(232/285)",,,8,4,14,5,5,1,6,14,1,5,1,2,15,11,20,13
22.01.2023,22:00,Monza,Sassuolo,1:1,https://www.flashscore.co.uk/match/football/tEtFmfnh/#/match-summary,,,62%,38%,14,13,3,1,10,4,"82%,(408/498)","77%,(244/317)",,,6,8,5,4,3,0,17,18,0,2,2,2,18,19,26,21
23.10.2022,00:00,AC Milan,Monza,4:1,https://www.flashscore.co.uk/match/football/6ur5axTD/#/match-summary,,,49%,51%,12,16,7,6,2,2,"84%,(389/463)","84%,(397/471)",,,4,4,1,6,0,0,18,9,5,3,1,1,13,28,20,26
08.04.2023,03:00,AC Milan,Empoli,0:0,https://www.flashscore.co.uk/match/football/lfKL7UeE/#/match-summary,2.07,0.09,70%,30%,23,2,4,1,9,0,"89%,(600/677)","77%,(229/299)",,,12,0,7,1,0,1,11,8,1,4,2,2,10,11,26,12
28.05.2023,21:00,Bologna,Napoli,2:2,https://www.flashscore.co.uk/match/football/EJOBdbl6/#/match-summary,2.18,1.40,53%,47%,18,11,6,8,4,4,"86%,(459/534)","86%,(414/481)",,,7,3,5,0,2,1,17,10,6,4,1,3,11,19,15,22
27.08.2022,00:30,Monza,Udinese,1:2,https://www.flashscore.co.uk/match/football/06eR3x29/#/match-summary,,,56%,44%,10,15,5,4,3,5,"89%,(416/469)","83%,(305/368)",,,1,4,4,7,4,4,16,10,2,4,3,2,17,25,19,19
01.05.2023,02:45,Bologna,Juventus,1:1,https://www.flashscore.co.uk/match/football/WYgNBzgH/#/match-summary,1.85,2.30,55%,45%,16,14,6,5,4,5,"85%,(436/513)","82%,(345/421)",,,7,5,3,4,4,2,12,9,4,5,2,2,,,,
12.02.2023,03:45,Lazio,Atalanta,0:2,https://www.flashscore.co.uk/match/football/hlzFENj8/#/match-summary,0.84,2.79,60%,40%,13,23,5,10,5,7,"83%,(549/661)","76%,(332/438)",,,2,6,6,7,0,0,12,14,8,5,1,2,22,16,26,21
15.08.2022,02:45,Salernitana,AS Roma,0:1,https://www.flashscore.co.uk/match/football/xj32vMYc/#/match-summary,,,52%,48%,13,20,2,5,4,2,"84%,(375/449)","83%,(346/417)",,,5,9,6,6,1,3,18,9,4,2,3,2,17,26,13,19
15.01.2023,01:00,Lecce,AC Milan,2:2,https://www.flashscore.co.uk/match/football/ObDBdUDP/#/match-summary,,,36%,64%,17,12,3,5,8,4,"67%,(184/275)","79%,(396/501)",,,7,4,7,3,0,3,11,12,3,1,1,2,14,11,16,41
21.01.2023,22:00,Verona,Lecce,2:0,https://www.flashscore.co.uk/match/football/4W36o45O/#/match-summary,,,42%,58%,11,9,4,3,5,4,"64%,(206/322)","74%,(329/445)",,,5,3,2,3,2,1,15,12,3,2,3,0,13,17,22,28
18.03.2023,01:30,Sassuolo,Spezia,1:0,https://www.flashscore.co.uk/match/football/Wzq7dqWF/#/match-summary,2.16,0.74,45%,55%,15,11,6,1,3,3,"81%,(332/410)","83%,(408/492)",,,7,5,2,5,1,2,10,13,1,5,0,2,14,11,25,22
05.06.2023,03:00,Udinese,Juventus,0:1,https://www.flashscore.co.uk/match/football/vegOMf2B/#/match-summary,0.79,1.16,43%,57%,13,20,3,5,6,14,"85%,(300/352)","88%,(423/479)",,,7,9,3,6,0,1,9,11,4,3,2,2,12,9,11,8
04.09.2022,02:45,Lazio,Napoli,1:2,https://www.flashscore.co.uk/match/football/Kl5kfPUC/#/match-summary,,,39%,61%,8,19,2,7,6,8,"82%,(320/391)","89%,(551/622)",,,5,6,1,6,0,1,12,14,5,1,4,0,17,14,13,19
01.11.2022,01:30,Verona,AS Roma,1:3,https://www.flashscore.co.uk/match/football/pfPekh56/#/match-summary,,,32%,68%,7,14,3,6,2,4,"71%,(183/258)","85%,(471/554)",1,0,3,4,1,4,0,0,9,9,3,2,3,1,8,9,19,19
12.03.2023,01:00,Napoli,Atalanta,2:0,https://www.flashscore.co.uk/match/football/pKKPq6nA/#/match-summary,1.42,0.25,60%,40%,18,6,6,3,10,4,"89%,(513/575)","80%,(306/381)",,,7,3,5,0,1,0,12,11,3,4,1,2,11,13,30,19
02.10.2022,21:00,Sampdoria,Monza,0:3,https://www.flashscore.co.uk/match/football/6u6BmKC4/#/match-summary,,,50%,50%,3,13,1,6,2,4,"74%,(294/396)","78%,(310/395)",,,2,4,0,3,3,5,16,24,3,1,2,2,39,24,24,21
15.04.2023,02:45,Spezia,Lazio,0:3,https://www.flashscore.co.uk/match/football/OlSX0Jva/#/match-summary,0.69,2.89,53%,47%,6,13,2,7,2,3,"88%,(525/598)","88%,(483/549)",1,0,4,4,0,2,0,1,12,7,4,2,3,4,7,13,29,16
15.08.2022,02:45,Spezia,Empoli,1:0,https://www.flashscore.co.uk/match/football/YHdBx03A/#/match-summary,,,41%,59%,9,18,2,5,6,4,"77%,(275/355)","80%,(416/519)",,,6,8,1,5,3,1,15,8,5,1,2,1,13,24,17,31
24.10.2022,02:45,AS Roma,Napoli,0:1,https://www.flashscore.co.uk/match/football/pWt9bdrK/#/match-summary,,,40%,60%,6,12,0,5,3,4,"75%,(268/357)","86%,(453/529)",,,3,4,3,3,3,0,14,12,4,0,3,4,12,17,16,30
16.01.2023,01:00,Atalanta,Salernitana,8:2,https://www.flashscore.co.uk/match/football/zwXGzmi6/#/match-summary,,,58%,42%,19,7,13,2,5,2,"87%,(463/532)","79%,(310/392)",,,1,4,5,1,1,2,10,12,0,5,1,0,13,11,15,18
04.10.2022,02:45,Verona,Udinese,1:2,https://www.flashscore.co.uk/match/football/zaMiXbSN/#/match-summary,,,31%,69%,7,21,2,8,4,9,"67%,(157/234)","85%,(472/556)",,,3,8,2,5,4,1,15,11,6,1,3,3,12,19,16,17
03.10.2022,02:45,Juventus,Bologna,3:0,https://www.flashscore.co.uk/match/football/fq3ORxjo/#/match-summary,,,48%,52%,17,9,6,1,2,4,"84%,(381/455)","84%,(416/493)",,,7,4,4,4,1,1,11,15,1,3,0,1,15,12,17,21
19.09.2022,02:45,AC Milan,Napoli,1:2,https://www.flashscore.co.uk/match/football/dfrFJubO/#/match-summary,,,51%,49%,22,9,5,4,9,4,"82%,(350/426)","83%,(352/423)",,,10,3,7,2,1,0,18,11,2,4,4,3,10,18,28,13
13.05.2023,21:00,Salernitana,Atalanta,1:0,https://www.flashscore.co.uk/match/football/lCHGnNKs/#/match-summary,0.57,1.26,52%,48%,10,13,4,3,5,3,"80%,(375/469)","83%,(361/435)",,,4,8,2,2,1,2,9,18,3,3,2,2,16,10,28,23
09.10.2022,21:00,Udinese,Atalanta,2:2,https://www.flashscore.co.uk/match/football/nHncWwaR/#/match-summary,,,59%,41%,10,9,2,5,5,3,"83%,(418/503)","77%,(270/350)",,,6,3,2,1,0,1,11,12,3,0,2,3,13,10,30,19
18.09.2022,00:00,Spezia,Sampdoria,2:1,https://www.flashscore.co.uk/match/football/8YBXyNDh/#/match-summary,,,52%,48%,6,11,3,8,3,6,"74%,(276/373)","72%,(258/360)",,,2,2,1,1,4,1,17,14,7,2,4,5,15,21,29,35
29.04.2023,00:30,Lecce,Udinese,1:0,https://www.flashscore.co.uk/match/football/rDNuUH8o/#/match-summary,2.00,0.75,38%,62%,15,10,3,3,7,4,"68%,(184/271)","83%,(385/464)",,,7,6,5,1,5,1,21,12,3,2,4,2,,,,
05.11.2022,03:45,Udinese,Lecce,1:1,https://www.flashscore.co.uk/match/football/tfI24OAA/#/match-summary,,,57%,43%,16,9,5,1,3,2,"77%,(350/454)","67%,(226/337)",,,5,4,6,4,2,0,12,18,0,4,2,3,17,14,30,30
06.03.2023,03:45,AS Roma,Juventus,1:0,https://www.flashscore.co.uk/match/football/IZktnyCt/#/match-summary,0.68,0.89,41%,59%,6,14,2,5,2,6,"83%,(322/388)","89%,(501/563)",0,1,1,3,3,6,2,0,11,10,5,1,3,2,9,12,15,21
23.01.2023,03:45,Juventus,Atalanta,3:3,https://www.flashscore.co.uk/match/football/80r7kGHu/#/match-summary,,,47%,53%,15,14,8,4,6,4,"82%,(390/477)","84%,(460/548)",,,5,3,2,7,2,0,9,6,1,5,1,2,6,11,17,10
17.04.2023,00:00,Sassuolo,Juventus,1:0,https://www.flashscore.co.uk/match/football/fFNT1aPh/#/match-summary,1.23,1.19,41%,59%,11,13,4,3,10,13,"84%,(299/358)","85%,(459/539)",,,6,6,1,4,1,5,10,5,3,3,0,1,11,10,25,22
28.05.2023,21:00,Monza,Lecce,0:1,https://www.flashscore.co.uk/match/football/r9XTCJYn/#/match-summary,0.95,1.08,74%,26%,5,9,1,1,1,3,"91%,(588/646)","70%,(159/227)",,,3,3,1,5,0,1,11,20,0,1,2,3,20,11,22,18
07.11.2022,01:00,AS Roma,Lazio,0:1,https://www.flashscore.co.uk/match/football/j5Pk7QQi/#/match-summary,,,59%,41%,8,5,2,3,4,2,"83%,(461/554)","77%,(303/395)",,,4,0,2,2,3,2,18,14,2,2,2,3,16,21,29,13
14.11.2022,01:00,AC Milan,Fiorentina,2:1,https://www.flashscore.co.uk/match/football/E7bBXMvc/#/match-summary,,,49%,51%,12,11,3,5,5,7,"79%,(316/400)","78%,(319/409)",,,3,4,6,2,3,2,13,11,4,1,1,4,13,15,25,12
14.05.2023,21:00,Monza,Napoli,2:0,https://www.flashscore.co.uk/match/football/n3Vli3CQ/#/match-summary,1.32,1.32,45%,55%,10,20,4,7,6,10,"79%,(330/418)","88%,(452/514)",,,4,9,2,4,2,1,11,13,7,2,1,1,13,13,12,13
24.01.2023,01:30,Bologna,Cremonese,1:1,https://www.flashscore.co.uk/match/football/d60bmQzC/#/match-summary,,,69%,31%,21,9,8,2,4,1,"83%,(525/633)","66%,(182/276)",,,10,5,3,2,3,1,11,13,1,7,2,5,15,13,30,19
14.02.2023,01:30,Verona,Salernitana,1:0,https://www.flashscore.co.uk/match/football/QsrTjKb1/#/match-summary,0.00,0.00,37%,63%,14,8,4,3,5,1,"63%,(183/291)","76%,(386/508)",,,5,4,5,1,5,1,14,21,3,3,2,3,21,21,18,28
26.02.2023,01:00,Empoli,Napoli,0:2,https://www.flashscore.co.uk/match/football/Ys2pGzSC/#/match-summary,0.63,2.83,46%,54%,9,19,2,6,4,13,"83%,(337/406)","88%,(419/474)",0,1,4,8,3,5,0,4,10,9,4,2,2,1,13,10,18,28
30.04.2023,21:00,Sassuolo,Empoli,2:1,https://www.flashscore.co.uk/match/football/IVFhRFh4/#/match-summary,0.95,0.49,58%,42%,13,7,4,1,7,5,"88%,(430/489)","79%,(285/361)",1,0,6,5,3,1,4,4,12,10,0,2,2,1,,,,
02.04.2023,21:00,Spezia,Salernitana,1:1,https://www.flashscore.co.uk/match/football/IeqL30wq/#/match-summary,2.08,1.08,51%,49%,14,12,3,2,9,5,"73%,(281/384)","70%,(256/367)",,,8,6,3,4,0,2,12,12,1,2,0,1,13,11,30,35
04.09.2022,00:00,AC Milan,Inter,3:2,https://www.flashscore.co.uk/match/football/Yi9ggqpJ/#/match-summary,,,48%,52%,21,16,5,5,2,5,"83%,(316/381)","81%,(332/408)",,,12,4,4,7,2,2,10,12,3,2,5,2,14,12,10,23
15.05.2023,02:45,Juventus,Cremonese,2:0,https://www.flashscore.co.uk/match/football/0nXtgPsE/#/match-summary,1.89,0.09,69%,31%,24,3,7,2,7,0,"90%,(590/656)","77%,(225/292)",,,9,1,8,0,2,2,15,5,2,5,2,0,7,18,25,14
18.03.2023,22:00,Monza,Cremonese,1:1,https://www.flashscore.co.uk/match/football/nmseaonc/#/match-summary,1.69,0.67,66%,34%,15,8,7,2,8,4,"87%,(559/641)","77%,(256/332)",,,5,4,3,2,3,2,12,12,1,6,3,5,14,15,15,9
11.09.2022,00:00,Inter,Torino,1:0,https://www.flashscore.co.uk/match/football/UJOX62EI/#/match-summary,,,57%,43%,16,9,3,7,6,5,"87%,(417/480)","82%,(290/353)",,,7,0,6,2,1,1,8,17,7,2,1,2,24,14,16,17
20.05.2023,02:45,Sassuolo,Monza,1:2,https://www.flashscore.co.uk/match/football/OUVba04m/#/match-summary,1.52,1.51,44%,56%,13,16,4,5,6,3,"83%,(355/428)","88%,(473/539)",1,0,6,5,3,6,1,5,10,17,3,3,2,5,21,11,11,19
13.03.2023,03:45,Juventus,Sampdoria,4:2,https://www.flashscore.co.uk/match/football/0GjLn82i/#/match-summary,3.05,0.81,56%,44%,24,9,8,3,11,3,"88%,(448/509)","84%,(339/404)",,,8,3,8,3,2,1,10,10,1,4,1,1,10,12,22,13
05.01.2023,03:45,Udinese,Empoli,1:1,https://www.flashscore.co.uk/match/football/E1e1tINR/#/match-summary,,,60%,40%,21,6,3,1,8,1,"89%,(441/496)","79%,(273/346)",0,1,10,0,8,5,0,2,15,14,0,2,2,3,16,16,19,17
09.05.2023,02:45,Sassuolo,Bologna,1:1,https://www.flashscore.co.uk/match/football/O2Z9jWLF/#/match-summary,0.42,0.45,48%,52%,6,12,2,3,4,4,"88%,(428/486)","89%,(478/537)",,,2,6,2,3,2,4,12,14,2,1,1,1,18,15,13,15
25.10.2022,02:45,Sassuolo,Verona,2:1,https://www.flashscore.co.uk/match/football/GEXvgz6s/#/match-summary,,,51%,49%,14,13,3,5,4,5,"78%,(321/413)","78%,(296/378)",,,3,6,8,2,2,4,7,19,4,1,1,3,23,9,10,23
08.05.2023,00:00,Napoli,Fiorentina,1:0,https://www.flashscore.co.uk/match/football/rgR1hhi3/#/match-summary,2.11,1.24,47%,53%,10,15,3,3,0,5,"84%,(356/423)","85%,(398/466)",,,6,6,1,6,1,3,12,15,3,2,,,16,13,16,13
22.01.2023,03:45,Fiorentina,Torino,0:1,https://www.flashscore.co.uk/match/football/A942npjI/#/match-summary,,,62%,38%,19,9,5,3,5,3,"85%,(469/552)","74%,(258/349)",,,8,3,6,3,2,6,9,23,2,5,2,2,28,11,22,11
01.09.2022,00:30,Empoli,Verona,1:1,https://www.flashscore.co.uk/match/football/4vvAeE9k/#/match-summary,,,51%,49%,16,9,4,3,7,10,"70%,(244/349)","71%,(232/327)",,,4,4,8,2,2,1,5,21,2,3,0,4,34,8,27,22
14.05.2023,02:45,Inter,Sassuolo,4:2,https://www.flashscore.co.uk/match/football/bsgbUu5D/#/match-summary,1.43,2.01,51%,49%,11,16,3,5,1,5,"88%,(445/506)","88%,(415/472)",,,5,8,3,3,3,2,12,8,3,0,2,3,11,15,12,13
04.06.2023,03:00,Cremonese,Salernitana,2:0,https://www.flashscore.co.uk/match/football/QiTl8emI/#/match-summary,1.25,0.50,42%,58%,12,11,4,1,4,6,"81%,(322/400)","86%,(498/579)",,,4,7,4,3,1,4,15,12,1,2,1,2,16,16,15,22
04.05.2023,03:00,Monza,AS Roma,1:1,https://www.flashscore.co.uk/match/football/QeuWvZM3/#/match-summary,0.46,0.89,59%,41%,8,14,4,8,4,3,"81%,(408/504)","77%,(264/343)",0,1,3,3,1,3,0,1,13,15,7,3,3,5,16,13,19,24
04.05.2023,00:00,Atalanta,Spezia,3:2,https://www.flashscore.co.uk/match/football/6i85ODxN/#/match-summary,0.84,0.93,56%,44%,14,9,6,4,12,3,"85%,(415/488)","78%,(324/415)",,,5,4,3,1,3,0,8,10,2,3,0,3,10,11,32,30
08.05.2023,02:45,Lecce,Verona,0:1,https://www.flashscore.co.uk/match/football/GnZFUlad/#/match-summary,0.77,0.60,52%,48%,15,9,2,3,4,4,"71%,(275/389)","67%,(245/366)",,,9,5,4,1,2,2,11,13,2,2,2,5,17,14,25,23
19.02.2023,03:45,Inter,Udinese,3:1,https://www.flashscore.co.uk/match/football/x2T23cr7/#/match-summary,2.97,0.85,60%,40%,19,9,7,1,3,8,"85%,(444/520)","81%,(291/360)",,,4,4,8,4,2,0,14,14,0,4,2,2,13,16,18,13
29.05.2023,00:00,Lazio,Cremonese,3:2,https://www.flashscore.co.uk/match/football/lnYPDaJt/#/match-summary,1.77,0.46,58%,42%,12,11,8,5,4,3,"91%,(568/625)","85%,(381/447)",,,3,5,1,1,4,0,15,8,3,5,2,2,8,19,20,21
04.05.2023,00:00,Salernitana,Fiorentina,3:3,https://www.flashscore.co.uk/match/football/4nvzvgxA/#/match-summary,1.15,2.00,47%,53%,4,12,3,3,2,3,"74%,(248/335)","74%,(276/373)",,,1,5,0,4,2,0,18,15,0,0,3,5,14,21,25,26
09.10.2022,21:00,Salernitana,Verona,2:1,https://www.flashscore.co.uk/match/football/dSgpZuF8/#/match-summary,,,40%,60%,14,12,4,2,1,6,"71%,(229/322)","81%,(370/456)",1,1,6,6,4,4,1,3,9,15,1,2,2,3,18,10,15,20
29.08.2022,02:45,Fiorentina,Napoli,0:0,https://www.flashscore.co.uk/match/football/2BT0mHHS/#/match-summary,,,49%,51%,10,13,5,2,2,3,"83%,(391/469)","86%,(424/495)",,,4,5,1,6,1,2,12,14,2,5,2,3,16,13,11,24
10.11.2022,03:45,Torino,Sampdoria,2:0,https://www.flashscore.co.uk/match/football/8UypH1fG/#/match-summary,,,51%,49%,8,11,5,1,4,3,"77%,(339/440)","77%,(310/403)",,,0,5,3,5,4,4,14,21,1,3,1,3,25,18,24,24
13.11.2022,19:30,Atalanta,Inter,2:3,https://www.flashscore.co.uk/match/football/K4ulGL9M/#/match-summary,,,46%,54%,19,14,7,3,5,4,"77%,(309/401)","83%,(384/463)",,,7,8,5,3,1,0,10,11,1,5,0,3,18,18,27,17
21.08.2022,02:45,Inter,Spezia,3:0,https://www.flashscore.co.uk/match/football/QFyjVHep/#/match-summary,,,55%,45%,19,2,8,0,10,4,"89%,(446/500)","84%,(355/424)",,,8,1,3,1,5,1,11,7,0,5,,,8,16,17,26
09.05.2023,00:30,Udinese,Sampdoria,2:0,https://www.flashscore.co.uk/match/football/fkdsYN5l/#/match-summary,1.12,0.69,46%,54%,13,11,6,3,7,3,"83%,(389/469)","88%,(472/536)",,,3,8,4,0,0,1,15,12,3,4,2,2,13,17,11,13
08.04.2023,01:00,Lecce,Napoli,1:2,https://www.flashscore.co.uk/match/football/A3LH8At8/#/match-summary,1.04,1.08,31%,69%,11,9,3,3,5,4,"73%,(233/319)","87%,(634/729)",,,5,2,3,4,1,0,12,9,1,2,2,1,9,13,22,17
01.09.2022,02:45,Juventus,Spezia,2:0,https://www.flashscore.co.uk/match/football/QgSIghv2/#/match-summary,,,51%,49%,15,9,3,0,7,3,"83%,(387/466)","82%,(364/444)",,,7,2,5,7,1,1,11,10,0,1,0,2,17,18,24,30
15.04.2023,00:30,Cremonese,Empoli,1:0,https://www.flashscore.co.uk/match/football/lI28bQI0/#/match-summary,1.34,1.34,32%,68%,14,15,5,1,3,8,"70%,(198/281)","85%,(500/588)",,,7,8,2,6,4,2,11,9,1,4,1,0,11,15,14,25
09.11.2022,01:30,Spezia,Udinese,1:1,https://www.flashscore.co.uk/match/football/E7xtIsuA/#/match-summary,,,49%,51%,21,10,6,2,9,0,"76%,(311/409)","81%,(352/435)",,,7,6,8,2,0,4,12,12,1,5,3,3,17,13,27,24
23.04.2023,00:00,Lazio,Torino,0:1,https://www.flashscore.co.uk/match/football/URlaHvPu/#/match-summary,0.68,0.68,53%,47%,10,7,5,3,3,4,"87%,(493/565)","86%,(432/504)",,,3,3,2,1,1,1,13,13,2,5,2,4,14,14,29,15
29.01.2023,03:45,Atalanta,Sampdoria,2:0,https://www.flashscore.co.uk/match/football/p6wWqCoH/#/match-summary,,,62%,38%,21,15,5,5,7,4,"87%,(558/641)","74%,(284/384)",,,10,7,6,3,1,1,17,11,5,3,0,2,16,23,18,27
30.10.2022,22:00,Cremonese,Udinese,0:0,https://www.flashscore.co.uk/match/football/CtRmiEzf/#/match-summary,,,41%,59%,13,13,2,3,7,4,"78%,(267/342)","83%,(441/532)",,,6,7,5,3,2,3,8,9,3,2,1,0,12,10,27,18
08.04.2023,22:30,Sampdoria,Cremonese,2:3,https://www.flashscore.co.uk/match/football/dKNT58QQ/#/match-summary,2.58,1.23,49%,51%,13,17,9,4,3,3,"78%,(299/381)","80%,(322/402)",,,1,8,3,5,0,1,14,15,1,7,2,3,14,14,20,16
02.10.2022,21:00,Lecce,Cremonese,1:1,https://www.flashscore.co.uk/match/football/nwjAktrh/#/match-summary,,,55%,45%,6,13,1,4,1,8,"74%,(297/401)","69%,(221/320)",,,3,7,2,2,0,3,11,15,3,0,3,1,23,13,32,26
04.05.2023,03:00,Verona,Inter,0:6,https://www.flashscore.co.uk/match/football/xzayJi0p/#/match-summary,0.61,2.87,25%,75%,7,20,2,10,2,7,"67%,(160/239)","91%,(652/717)",,,3,7,2,3,0,1,4,11,4,2,,,12,4,15,12
15.01.2023,03:45,Inter,Verona,1:0,https://www.flashscore.co.uk/match/football/AePTXpyP/#/match-summary,,,57%,43%,11,6,3,1,3,4,"83%,(422/507)","77%,(290/377)",,,6,3,2,2,0,1,11,13,1,2,0,3,13,11,27,23
13.03.2023,01:00,AS Roma,Sassuolo,3:4,https://www.flashscore.co.uk/match/football/vsKTrQ1G/#/match-summary,1.74,4.08,53%,47%,17,19,7,10,7,2,"83%,(383/461)","79%,(325/411)",1,0,5,6,5,3,3,1,11,18,6,4,4,2,19,13,25,15
16.05.2023,02:45,Sampdoria,Empoli,1:1,https://www.flashscore.co.uk/match/football/Wz7Loszl/#/match-summary,1.31,1.63,42%,58%,13,16,3,4,1,2,"72%,(253/351)","86%,(413/480)",,,6,8,4,4,2,3,16,14,3,2,3,4,19,17,20,22
21.05.2023,02:45,AC Milan,Sampdoria,5:1,https://www.flashscore.co.uk/match/football/SMjO52RJ/#/match-summary,4.44,0.53,62%,38%,19,6,9,3,7,2,"90%,(569/632)","84%,(317/377)",,,5,3,5,0,2,1,9,10,2,4,1,3,10,11,12,13
09.04.2023,00:30,Torino,AS Roma,0:1,https://www.flashscore.co.uk/match/football/210d1SYs/#/match-summary,0.29,1.29,56%,44%,7,9,1,1,7,4,"82%,(445/541)","79%,(343/436)",,,2,4,4,4,4,1,10,6,0,1,3,1,7,13,18,24
05.05.2023,02:45,Udinese,Napoli,1:1,https://www.flashscore.co.uk/match/football/OlfyxX6M/#/match-summary,0.35,0.41,35%,65%,7,7,3,4,2,6,"76%,(248/326)","88%,(515/586)",,,3,2,1,1,1,1,15,13,3,2,1,0,14,16,14,19
11.03.2023,03:45,Spezia,Inter,2:1,https://www.flashscore.co.uk/match/football/hpOXspHM/#/match-summary,1.06,4.04,31%,69%,4,28,2,7,1,13,"72%,(190/265)","85%,(476/557)",,,0,13,2,8,0,4,11,9,6,0,3,0,14,11,15,32
06.09.2022,02:45,Torino,Lecce,1:0,https://www.flashscore.co.uk/match/football/pWxCBQam/#/match-summary,,,59%,41%,13,10,4,2,4,4,"82%,(393/479)","71%,(233/328)",,,6,5,3,3,2,2,16,8,2,3,2,1,10,18,22,21
30.04.2023,02:45,Torino,Atalanta,1:2,https://www.flashscore.co.uk/match/football/OSI0PgNG/#/match-summary,0.04,0.09,62%,38%,4,9,4,5,3,3,"87%,(534/614)","80%,(304/380)",,,0,4,0,0,2,2,6,10,3,3,1,1,,,,
03.10.2022,00:00,Atalanta,Fiorentina,1:0,https://www.flashscore.co.uk/match/football/SYIqZKcB/#/match-summary,,,38%,62%,10,16,5,5,1,5,"74%,(244/331)","84%,(454/540)",,,3,7,2,4,2,0,12,10,5,4,2,2,8,14,26,22
07.11.2022,03:45,Juventus,Inter,2:0,https://www.flashscore.co.uk/match/football/bXJZ0k4I/#/match-summary,,,47%,53%,8,14,3,4,2,8,"82%,(391/475)","86%,(449/521)",,,3,6,2,4,1,1,16,13,4,1,1,3,16,15,7,16
02.09.2022,02:45,Bologna,Salernitana,1:1,https://www.flashscore.co.uk/match/football/h4z6dffq/#/match-summary,,,47%,53%,11,20,4,4,1,8,"76%,(283/372)","75%,(314/419)",,,5,8,2,8,1,0,10,11,3,3,2,2,12,14,25,20
05.06.2023,03:00,Atalanta,Monza,5:2,https://www.flashscore.co.uk/match/football/n1Up9yYB/#/match-summary,3.60,0.87,38%,62%,20,8,10,4,5,1,"84%,(347/412)","88%,(585/666)",0,1,8,4,2,0,2,3,13,8,2,5,1,2,14,15,14,12
19.03.2023,03:45,Udinese,AC Milan,3:1,https://www.flashscore.co.uk/match/football/S2xGfN0S/#/match-summary,2.19,2.06,36%,64%,14,10,5,6,5,6,"73%,(210/289)","85%,(425/501)",,,6,3,3,1,1,3,16,9,5,2,4,2,13,17,12,27
16.10.2022,02:45,Atalanta,Sassuolo,2:1,https://www.flashscore.co.uk/match/football/lQYORc7r/#/match-summary,,,48%,52%,16,11,4,3,3,3,"82%,(391/478)","84%,(427/510)",,,9,6,3,2,3,2,10,8,2,2,1,4,11,12,25,20
28.02.2023,03:45,Lazio,Sampdoria,1:0,https://www.flashscore.co.uk/match/football/vugzwbZP/#/match-summary,1.61,0.46,57%,43%,15,8,4,2,8,3,"84%,(506/602)","80%,(358/449)",,,8,3,3,3,3,1,10,13,2,3,2,2,14,13,16,18
07.05.2023,02:45,Cremonese,Spezia,2:0,https://www.flashscore.co.uk/match/football/fXp7WAUq/#/match-summary,0.83,1.33,30%,70%,9,18,4,8,3,13,"67%,(168/249)","84%,(472/563)",,,3,5,2,5,0,4,9,6,8,2,0,2,11,7,20,35
28.08.2022,00:30,Cremonese,Torino,1:2,https://www.flashscore.co.uk/match/football/Knvdlc2M/#/match-summary,,,53%,47%,16,14,6,5,3,3,"72%,(270/377)","68%,(234/346)",,,5,4,5,5,1,0,9,21,3,5,0,3,32,13,21,23
23.08.2022,00:30,AS Roma,Cremonese,1:0,https://www.flashscore.co.uk/match/football/x4rygLmi/#/match-summary,,,49%,51%,27,14,12,3,5,6,"78%,(305/391)","81%,(320/395)",,,6,9,9,2,1,1,7,14,3,11,0,3,15,8,18,16
21.05.2023,18:30,Lecce,Spezia,0:0,https://www.flashscore.co.uk/match/football/EJ2tsJlJ/#/match-summary,0.24,0.73,39%,61%,6,14,1,0,2,5,"69%,(183/265)","77%,(320/416)",,,3,8,2,6,2,0,15,16,0,1,2,3,17,15,24,36
11.02.2023,22:00,Empoli,Spezia,2:2,https://www.flashscore.co.uk/match/football/rJhOi0qe/#/match-summary,1.44,1.53,65%,35%,25,9,8,3,7,3,"87%,(491/564)","76%,(237/312)",1,1,12,5,5,1,3,1,10,13,1,6,1,5,14,11,23,19
01.10.2022,21:00,Napoli,Torino,3:1,https://www.flashscore.co.uk/match/football/Sl77l0cb/#/match-summary,,,49%,51%,15,16,7,3,4,4,"81%,(371/458)","81%,(375/463)",,,5,5,3,8,0,0,4,17,2,4,0,2,17,4,21,15
29.08.2022,02:45,Lecce,Empoli,1:1,https://www.flashscore.co.uk/match/football/hthJ5bXd/#/match-summary,,,40%,60%,15,9,5,3,3,5,"77%,(234/302)","80%,(370/464)",,,5,5,5,1,4,1,10,5,2,4,1,2,6,14,25,27
22.04.2023,21:00,Salernitana,Sassuolo,3:0,https://www.flashscore.co.uk/match/football/GriBEx9b/#/match-summary,1.17,0.68,47%,53%,13,11,5,2,4,8,"81%,(326/401)","86%,(372/434)",,,5,6,3,3,4,0,11,15,2,2,1,2,15,14,14,20
18.09.2022,21:00,Monza,Juventus,1:0,https://www.flashscore.co.uk/match/football/zosJIaDU/#/match-summary,,,60%,40%,17,10,4,2,5,3,"88%,(472/534)","80%,(268/333)",0,1,9,6,4,2,6,0,16,17,2,3,2,1,17,23,18,20
19.03.2023,01:00,Salernitana,Bologna,2:2,https://www.flashscore.co.uk/match/football/bNpab513/#/match-summary,0.92,0.51,42%,58%,14,10,4,2,5,4,"81%,(327/402)","87%,(484/556)",,,5,3,5,5,0,0,8,16,0,2,0,1,20,14,14,23
31.01.2023,03:45,Udinese,Verona,1:1,https://www.flashscore.co.uk/match/football/x029cVFG/#/match-summary,,,55%,45%,26,10,8,2,14,6,"79%,(315/399)","74%,(243/328)",,,5,3,13,5,0,2,9,11,1,7,1,3,13,8,25,21
11.10.2022,02:45,Fiorentina,Lazio,0:4,https://www.flashscore.co.uk/match/football/YgMiTkRk/#/match-summary,,,62%,38%,24,10,3,6,9,2,"86%,(445/515)","76%,(251/332)",,,13,3,8,1,4,2,17,9,2,3,4,1,11,21,20,17
15.01.2023,19:30,Sassuolo,Lazio,0:2,https://www.flashscore.co.uk/match/football/6H7ojSjg/#/match-summary,,,50%,50%,12,12,2,3,7,3,"83%,(447/536)","86%,(482/559)",,,7,7,3,2,0,3,17,10,1,2,5,3,13,16,23,17
10.11.2022,03:45,Inter,Bologna,6:1,https://www.flashscore.co.uk/match/football/Crhsct3p/#/match-summary,,,57%,43%,13,10,7,4,4,4,"87%,(469/539)","80%,(318/398)",,,2,5,4,1,2,0,10,11,3,1,1,5,10,12,15,15
22.08.2022,02:45,Bologna,Verona,1:1,https://www.flashscore.co.uk/match/football/tr0JzvYM/#/match-summary,,,53%,47%,17,19,5,3,9,8,"72%,(254/352)","71%,(219/309)",1,0,7,8,5,8,1,5,10,14,2,4,3,3,19,11,22,16
16.10.2022,18:30,Inter,Salernitana,2:0,https://www.flashscore.co.uk/match/football/vFRyPei1/#/match-summary,,,62%,38%,16,8,6,3,6,4,"88%,(467/531)","81%,(267/330)",,,7,4,3,1,0,4,12,14,3,4,0,1,27,18,11,20
02.04.2023,02:45,Juventus,Verona,1:0,https://www.flashscore.co.uk/match/football/n75xCOV2/#/match-summary,2.17,0.84,55%,45%,10,9,2,3,3,5,"83%,(395/476)","78%,(290/372)",,,6,5,2,1,1,2,14,22,3,1,1,2,32,21,27,9
18.09.2022,21:00,Fiorentina,Verona,2:0,https://www.flashscore.co.uk/match/football/2XrBKLrI/#/match-summary,,,44%,56%,15,8,9,1,7,3,"75%,(196/260)","76%,(258/339)",,,4,4,2,3,2,4,18,17,1,7,4,4,20,20,18,25
12.02.2023,01:00,Lecce,AS Roma,1:1,https://www.flashscore.co.uk/match/football/WvZIDs6E/#/match-summary,0.31,1.74,42%,58%,8,12,3,5,3,7,"71%,(244/344)","77%,(363/472)",,,3,6,2,1,2,0,24,8,4,2,4,1,8,25,15,30
01.03.2023,01:30,Cremonese,AS Roma,2:1,https://www.flashscore.co.uk/match/football/G67uHGC6/#/match-summary,1.07,1.33,34%,66%,6,10,2,3,3,3,"68%,(201/296)","81%,(480/590)",,,2,4,2,3,0,5,17,11,2,0,3,2,19,23,21,27
14.11.2022,03:45,Juventus,Lazio,3:0,https://www.flashscore.co.uk/match/football/C2KS8w2d/#/match-summary,,,41%,59%,13,10,9,3,2,6,"83%,(384/463)","89%,(601/675)",,,1,3,3,4,1,1,10,8,3,6,2,1,9,11,20,15
06.02.2023,01:00,Fiorentina,Bologna,1:2,https://www.flashscore.co.uk/match/football/bFjIe9pT/#/match-summary,,,62%,38%,18,11,6,7,5,3,"81%,(412/509)","70%,(231/330)",,,8,2,4,2,3,1,10,25,5,5,2,4,26,12,27,16
05.01.2023,01:30,Fiorentina,Monza,1:1,https://www.flashscore.co.uk/match/football/OGIkOI1q/#/match-summary,,,53%,47%,22,10,6,3,9,1,"84%,(349/415)","78%,(297/381)",,,10,5,6,2,1,4,11,13,2,5,1,3,17,12,19,19
21.08.2022,00:30,Udinese,Salernitana,0:0,https://www.flashscore.co.uk/match/football/6qzhkwmG/#/match-summary,,,47%,53%,15,17,2,6,6,6,"74%,(281/381)","82%,(337/412)",1,0,5,8,8,3,0,1,9,12,6,2,2,4,12,9,32,21
19.02.2023,01:00,Monza,AC Milan,0:1,https://www.flashscore.co.uk/match/football/j5X62HcD/#/match-summary,0.50,2.51,59%,41%,11,14,5,8,10,3,"84%,(448/532)","76%,(296/387)",,,3,5,3,1,1,2,10,18,7,5,4,2,27,15,25,18
04.03.2023,03:45,Napoli,Lazio,0:1,https://www.flashscore.co.uk/match/football/GQ3EjH3P/#/match-summary,0.89,0.26,65%,35%,14,5,2,2,8,3,"89%,(656/737)","78%,(315/404)",,,4,1,8,2,3,0,13,8,1,2,2,2,11,22,24,22
13.11.2022,22:00,Verona,Spezia,1:2,https://www.flashscore.co.uk/match/football/YBLO9Jnj/#/match-summary,,,44%,56%,18,16,5,9,2,10,"64%,(197/308)","67%,(265/396)",,,9,4,4,3,4,0,13,21,7,4,2,4,21,17,25,23
21.02.2023,03:45,Torino,Cremonese,2:2,https://www.flashscore.co.uk/match/football/rg9XIxrf/#/match-summary,2.51,0.81,63%,37%,16,11,6,2,5,1,"82%,(445/545)","66%,(202/305)",,,7,7,3,2,0,0,9,12,0,4,3,1,14,14,20,22
06.09.2022,00:30,Salernitana,Empoli,2:2,https://www.flashscore.co.uk/match/football/EmntHnxQ/#/match-summary,,,52%,48%,15,11,4,5,6,7,"82%,(346/421)","78%,(299/383)",,,3,3,8,3,4,1,7,9,3,2,3,2,10,11,17,25
02.09.2022,02:45,Atalanta,Torino,3:1,https://www.flashscore.co.uk/match/football/zPmv1znS/#/match-summary,,,41%,59%,12,8,5,2,7,2,"72%,(254/354)","81%,(424/522)",,,5,5,2,1,5,3,14,13,1,2,1,3,16,25,16,19
09.11.2022,01:30,Napoli,Empoli,2:0,https://www.flashscore.co.uk/match/football/IuqXJ3Ac/#/match-summary,,,75%,25%,18,6,4,1,5,0,"89%,(609/683)","69%,(162/235)",0,1,8,4,6,1,0,1,12,16,1,2,1,6,16,12,27,19
03.04.2023,02:45,Napoli,AC Milan,0:4,https://www.flashscore.co.uk/match/football/8MgoA20F/#/match-summary,1.34,2.26,61%,39%,20,14,4,8,10,4,"87%,(496/567)","78%,(293/376)",,,7,2,9,4,0,1,11,9,4,4,1,2,10,11,21,16
27.02.2023,03:45,AC Milan,Atalanta,2:0,https://www.flashscore.co.uk/match/football/OCU6Xycm/#/match-summary,1.95,0.12,48%,52%,13,3,3,0,4,3,"82%,(398/485)","80%,(428/535)",,,7,1,3,2,1,1,11,11,0,2,3,2,16,20,17,22
14.08.2022,02:45,Monza,Torino,1:2,https://www.flashscore.co.uk/match/football/rT3bu2Ji/#/match-summary,,,54%,46%,15,13,4,6,2,7,"81%,(364/449)","81%,(306/378)",,,7,3,4,4,1,5,6,17,4,3,1,2,22,7,16,14
24.04.2023,00:00,AC Milan,Lecce,2:0,https://www.flashscore.co.uk/match/football/8Im3Gbvn/#/match-summary,0.97,1.21,68%,32%,8,9,5,4,4,2,"84%,(535/636)","68%,(196/287)",,,2,4,1,1,3,0,6,10,4,3,1,0,9,9,22,24
01.03.2023,03:45,Juventus,Torino,4:2,https://www.flashscore.co.uk/match/football/QykWwvKJ/#/match-summary,1.64,0.83,42%,58%,13,8,6,3,3,7,"81%,(324/402)","87%,(491/565)",,,6,5,1,0,0,1,5,13,1,2,0,2,19,8,17,13
07.04.2023,23:00,Salernitana,Inter,1:1,https://www.flashscore.co.uk/match/football/ITOP6lBK/#/match-summary,1.16,3.09,44%,56%,11,25,3,11,2,8,"82%,(341/416)","84%,(451/537)",,,7,8,1,6,3,1,14,10,10,2,2,2,11,17,16,15
31.08.2022,02:45,Inter,Cremonese,3:1,https://www.flashscore.co.uk/match/football/n3TEfYOe/#/match-summary,,,53%,47%,18,11,7,4,6,6,"87%,(399/459)","82%,(329/401)",,,7,4,4,3,2,2,6,14,3,4,0,3,16,9,20,20
09.01.2023,01:00,Sampdoria,Napoli,0:2,https://www.flashscore.co.uk/match/football/SCT8x9Mg/#/match-summary,,,34%,66%,9,24,2,8,2,5,"75%,(246/330)","92%,(608/664)",1,0,4,10,3,6,0,4,15,12,6,2,3,2,16,13,16,12
16.10.2022,00:00,Torino,Juventus,0:1,https://www.flashscore.co.uk/match/football/OK81uHyr/#/match-summary,,,53%,47%,15,14,2,8,3,6,"84%,(400/477)","80%,(336/419)",,,7,4,6,2,0,0,11,8,7,2,2,0,10,14,19,15
24.10.2022,00:00,Atalanta,Lazio,0:2,https://www.flashscore.co.uk/match/football/2B75vyil/#/match-summary,,,47%,53%,7,12,0,5,5,8,"83%,(399/481)","87%,(489/562)",1,0,4,5,3,2,1,0,15,9,3,0,4,2,9,16,23,22
17.01.2023,03:45,Empoli,Sampdoria,1:0,https://www.flashscore.co.uk/match/football/W4QPYQLI/#/match-summary,,,50%,50%,16,16,5,7,3,3,"84%,(356/424)","80%,(329/411)",,,7,5,4,4,2,0,15,16,7,4,5,6,16,17,23,21
31.08.2022,00:30,Sassuolo,AC Milan,0:0,https://www.flashscore.co.uk/match/football/n1xwamGs/#/match-summary,,,38%,62%,8,10,3,2,3,8,"72%,(192/267)","80%,(360/450)",,,3,5,2,3,3,1,14,13,2,3,5,2,17,25,21,28
09.10.2022,21:00,Monza,Spezia,2:0,https://www.flashscore.co.uk/match/football/tKPaRTe2/#/match-summary,,,48%,52%,7,9,4,1,3,6,"77%,(317/411)","82%,(359/437)",,,2,4,1,4,3,4,10,20,1,2,3,2,25,13,21,27
29.05.2023,02:45,Juventus,AC Milan,0:1,https://www.flashscore.co.uk/match/football/nwnbIuBP/#/match-summary,0.97,0.52,48%,52%,16,9,3,3,4,5,"84%,(359/425)","83%,(387/466)",,,6,4,7,2,0,1,12,10,2,3,1,2,11,12,16,23
09.10.2022,02:45,Bologna,Sampdoria,1:1,https://www.flashscore.co.uk/match/football/E59JobsH/#/match-summary,,,51%,49%,10,9,3,3,2,5,"77%,(298/387)","73%,(278/380)",,,4,3,3,3,5,1,17,21,2,2,2,3,28,30,28,29
14.08.2022,00:30,AC Milan,Udinese,4:2,https://www.flashscore.co.uk/match/football/4x5ftr4o/#/match-summary,,,65%,35%,14,9,5,4,5,1,"86%,(430/501)","81%,(278/344)",,,7,4,2,1,0,1,16,13,2,1,1,4,12,17,21,13
16.04.2023,02:45,Inter,Monza,0:1,https://www.flashscore.co.uk/match/football/8KI9d4mD/#/match-summary,2.09,0.73,57%,43%,25,7,6,2,5,2,"87%,(452/518)","80%,(337/421)",,,11,3,8,2,1,1,13,4,1,6,2,2,8,16,19,16
19.03.2023,22:00,Fiorentina,Lecce,1:0,https://www.flashscore.co.uk/match/football/xIa4xOvp/#/match-summary,1.38,0.55,59%,41%,18,8,3,2,1,3,"83%,(383/464)","70%,(220/315)",,,10,2,5,4,2,2,14,21,2,2,1,3,22,17,39,23
30.04.2023,21:00,Napoli,Salernitana,1:1,https://www.flashscore.co.uk/match/football/M3MqTyOi/#/match-summary,1.59,0.30,73%,27%,24,5,8,2,10,0,"89%,(609/684)","70%,(184/263)",,,9,3,7,0,1,1,13,11,1,7,2,2,,,,
05.03.2023,03:45,Fiorentina,AC Milan,2:1,https://www.flashscore.co.uk/match/football/6eMNTgdC/#/match-summary,2.28,0.98,48%,52%,16,8,8,6,11,5,"80%,(281/351)","82%,(325/396)",,,6,2,2,0,0,1,12,17,5,6,3,3,16,12,20,21
20.03.2023,03:45,Inter,Juventus,0:1,https://www.flashscore.co.uk/match/football/6i48yrfj/#/match-summary,1.36,0.72,69%,31%,18,7,3,3,6,4,"88%,(546/620)","76%,(205/270)",1,1,7,2,8,2,0,1,6,18,2,3,3,4,19,6,22,19
10.10.2022,00:00,Cremonese,Napoli,1:4,https://www.flashscore.co.uk/match/football/f3NmUVBq/#/match-summary,,,30%,70%,12,21,1,10,5,2,"72%,(184/255)","89%,(555/623)",,,7,9,4,2,4,1,18,6,6,0,2,0,7,21,15,15
01.11.2022,03:45,Monza,Bologna,1:2,https://www.flashscore.co.uk/match/football/W2XrBZRP/#/match-summary,,,55%,45%,9,10,3,5,4,5,"86%,(439/511)","83%,(346/419)",,,4,5,2,0,2,0,13,18,3,2,4,2,16,17,26,12
23.04.2023,21:00,Monza,Fiorentina,3:2,https://www.flashscore.co.uk/match/football/2um7FIgh/#/match-summary,1.62,1.48,45%,55%,13,10,5,5,5,3,"79%,(262/330)","83%,(334/403)",,,5,3,3,2,0,0,18,15,3,2,3,3,14,17,23,26
18.02.2023,22:00,Sampdoria,Bologna,1:2,https://www.flashscore.co.uk/match/football/0zFcPv5Q/#/match-summary,2.49,0.85,40%,60%,9,12,4,5,1,8,"76%,(280/370)","83%,(450/540)",,,3,3,2,4,0,2,13,13,3,3,3,1,13,13,26,15
02.10.2022,18:30,Lazio,Spezia,4:0,https://www.flashscore.co.uk/match/football/8ni6jMSo/#/match-summary,,,61%,39%,13,14,6,2,3,6,"89%,(515/576)","80%,(287/357)",,,5,6,2,6,2,6,3,14,2,2,0,2,27,9,21,19
28.02.2023,01:30,Verona,Fiorentina,0:3,https://www.flashscore.co.uk/match/football/CY0lFfsJ/#/match-summary,1.17,1.49,47%,53%,12,16,3,7,4,2,"69%,(258/376)","71%,(315/441)",,,6,4,3,5,4,0,15,11,4,3,3,3,10,19,20,24
27.05.2023,21:00,Spezia,Torino,0:4,https://www.flashscore.co.uk/match/football/IRPtAHI5/#/match-summary,0.81,1.01,49%,51%,8,11,1,4,5,2,"74%,(238/322)","72%,(252/350)",,,4,3,3,4,4,1,14,13,1,1,2,2,15,19,32,14
01.05.2023,00:00,Fiorentina,Sampdoria,5:0,https://www.flashscore.co.uk/match/football/hlrW9ENT/#/match-summary,1.74,0.28,67%,33%,23,4,10,1,11,0,"87%,(473/544)","75%,(207/276)",,,7,2,6,1,5,0,14,9,1,5,2,1,,,,
03.09.2022,21:00,Fiorentina,Juventus,1:1,https://www.flashscore.co.uk/match/football/ny7sdo00/#/match-summary,,,60%,40%,17,4,5,1,10,2,"91%,(435/479)","85%,(290/341)",,,6,2,6,1,0,1,13,12,0,4,1,3,17,18,16,12
11.09.2022,21:00,Sassuolo,Udinese,1:3,https://www.flashscore.co.uk/match/football/SEjbNNba/#/match-summary,,,32%,68%,5,17,2,4,5,6,"76%,(176/232)","91%,(499/549)",1,0,1,9,2,4,0,4,7,15,1,1,1,3,23,8,21,12
19.03.2023,22:00,Torino,Napoli,0:4,https://www.flashscore.co.uk/match/football/lCwCe3oM/#/match-summary,1.25,2.63,48%,52%,12,12,2,6,5,4,"83%,(341/413)","85%,(388/459)",,,9,5,1,1,4,1,14,14,2,2,1,1,15,17,21,20
29.08.2022,00:30,Verona,Atalanta,0:1,https://www.flashscore.co.uk/match/football/4KFSryQq/#/match-summary,,,49%,51%,14,15,2,7,7,6,"72%,(267/372)","72%,(273/379)",,,10,5,2,3,2,0,15,7,6,2,3,3,7,17,19,23
15.10.2022,21:00,Empoli,Monza,1:0,https://www.flashscore.co.uk/match/football/rmYSQHMl/#/match-summary,,,36%,64%,11,16,5,4,2,9,"75%,(233/311)","87%,(472/543)",0,1,5,7,1,5,1,1,17,14,4,4,5,3,15,18,21,25
11.11.2022,01:30,Verona,Juventus,0:1,https://www.flashscore.co.uk/match/football/61FE1MfT/#/match-summary,,,43%,57%,15,11,2,3,5,4,"77%,(244/318)","80%,(351/437)",0,1,10,8,3,0,1,0,14,13,2,2,3,2,13,14,17,20
14.05.2023,00:00,Spezia,AC Milan,2:0,https://www.flashscore.co.uk/match/football/pvBPp1kf/#/match-summary,1.90,1.04,41%,59%,14,14,4,3,6,9,"70%,(188/269)","76%,(300/395)",,,6,6,4,5,1,2,15,11,3,2,1,1,13,17,26,24
18.02.2023,03:45,Sassuolo,Napoli,0:2,https://www.flashscore.co.uk/match/football/2q1PKbDs/#/match-summary,0.76,1.84,40%,60%,11,15,2,4,1,3,"83%,(344/416)","88%,(561/638)",,,6,8,3,3,2,2,12,10,2,2,2,2,18,20,18,23
11.03.2023,22:00,Empoli,Udinese,0:1,https://www.flashscore.co.uk/match/football/Y9bZO4Ap/#/match-summary,1.32,1.56,62%,38%,17,14,3,4,11,5,"85%,(383/451)","80%,(225/282)",,,8,6,6,4,0,2,12,13,3,3,2,4,15,12,24,23
10.11.2022,01:30,Sassuolo,AS Roma,1:1,https://www.flashscore.co.uk/match/football/zHwxJNP3/#/match-summary,,,46%,54%,14,10,6,4,3,2,"83%,(308/371)","87%,(375/431)",,,6,4,2,2,0,5,11,11,3,5,5,3,18,14,15,18
05.09.2022,00:00,Verona,Sampdoria,2:1,https://www.flashscore.co.uk/match/football/QR5oe5F6/#/match-summary,,,50%,50%,17,11,9,3,7,2,"66%,(231/350)","66%,(241/365)",,,3,5,5,3,4,2,16,11,2,7,2,2,13,19,17,29
02.10.2022,02:45,Empoli,AC Milan,1:3,https://www.flashscore.co.uk/match/football/d8NmYvDH/#/match-summary,,,43%,57%,16,19,4,6,3,7,"72%,(201/279)","79%,(298/377)",,,5,6,7,7,2,3,15,10,3,3,4,2,13,17,16,24
04.05.2023,03:00,AC Milan,Cremonese,1:1,https://www.flashscore.co.uk/match/football/WYuSuF7c/#/match-summary,1.65,1.00,74%,26%,18,6,5,2,10,0,"86%,(587/683)","65%,(156/240)",0,1,9,4,4,0,2,4,12,12,1,4,0,3,17,14,22,19
28.05.2023,18:30,Verona,Empoli,1:1,https://www.flashscore.co.uk/match/football/MqSJfxJI/#/match-summary,1.03,1.56,38%,62%,13,13,4,3,3,3,"68%,(207/304)","77%,(378/491)",,,7,8,2,2,3,1,14,10,2,3,4,0,12,17,17,24
21.08.2022,02:45,Sassuolo,Lecce,1:0,https://www.flashscore.co.uk/match/football/YVypiaI3/#/match-summary,,,59%,41%,12,7,3,1,5,4,"86%,(439/509)","84%,(279/334)",,,4,4,5,2,0,4,14,12,1,2,5,1,16,14,29,18
25.10.2022,00:30,Cremonese,Sampdoria,0:1,https://www.flashscore.co.uk/match/football/bw1ExFL0/#/match-summary,,,52%,48%,21,8,4,4,5,1,"76%,(289/381)","74%,(274/368)",,,11,3,6,1,4,2,16,15,3,4,3,4,16,20,29,22
28.01.2023,01:30,Bologna,Spezia,2:0,https://www.flashscore.co.uk/match/football/OdxzqW0N/#/match-summary,,,58%,42%,18,6,6,4,5,5,"81%,(450/556)","73%,(293/401)",,,7,0,5,2,4,2,8,16,4,4,2,2,25,16,22,22
23.04.2023,18:30,Empoli,Inter,0:3,https://www.flashscore.co.uk/match/football/dvKpbHOH/#/match-summary,0.94,1.17,39%,61%,11,16,3,4,5,4,"85%,(324/380)","90%,(544/604)",,,4,9,4,3,0,1,6,13,1,3,1,1,14,6,15,10
15.01.2023,22:00,Udinese,Bologna,1:2,https://www.flashscore.co.uk/match/football/EsBgl6L5/#/match-summary,,,51%,49%,20,15,4,2,6,4,"78%,(297/379)","74%,(270/365)",,,9,9,7,4,3,3,10,17,0,3,1,3,20,12,21,19
05.02.2023,03:45,Sassuolo,Atalanta,1:0,https://www.flashscore.co.uk/match/football/rLXsCUU9/#/match-summary,,,54%,46%,18,7,8,2,2,7,"86%,(455/528)","83%,(363/440)",0,2,4,4,6,1,0,2,12,13,2,7,5,1,15,12,18,24
03.06.2023,02:30,Sassuolo,Fiorentina,1:3,https://www.flashscore.co.uk/match/football/WUkGOGXb/#/match-summary,1.16,1.42,51%,49%,5,15,2,7,2,4,"86%,(376/439)","90%,(363/403)",2,0,1,5,2,3,4,5,7,15,4,1,4,4,20,11,13,11
12.03.2023,19:30,Lecce,Torino,0:2,https://www.flashscore.co.uk/match/football/v7kPoSHc/#/match-summary,0.55,0.07,55%,45%,13,4,1,2,9,1,"78%,(334/428)","73%,(265/363)",,,5,2,7,0,2,1,16,17,0,1,3,3,18,18,29,32
02.04.2023,00:00,Inter,Fiorentina,0:1,https://www.flashscore.co.uk/match/football/K0Hfmug2/#/match-summary,3.05,1.25,59%,41%,16,19,3,3,10,8,"83%,(385/465)","76%,(254/335)",,,7,9,6,7,4,0,8,7,2,3,2,3,7,12,22,19
08.01.2023,01:00,Juventus,Udinese,1:0,https://www.flashscore.co.uk/match/football/6aztZZF1/#/match-summary,,,50%,50%,14,11,4,3,6,4,"85%,(391/459)","87%,(392/452)",,,7,3,3,5,3,0,16,13,3,3,1,2,13,18,20,18
19.09.2022,00:00,AS Roma,Atalanta,0:1,https://www.flashscore.co.uk/match/football/zLDPwqqt/#/match-summary,,,56%,44%,21,4,5,1,5,1,"86%,(401/466)","79%,(280/356)",,,12,1,4,2,1,0,9,19,0,5,0,7,19,10,26,25
28.01.2023,03:45,Lecce,Salernitana,1:2,https://www.flashscore.co.uk/match/football/jq0c0XVc/#/match-summary,,,60%,40%,15,10,5,6,4,4,"81%,(432/533)","69%,(248/359)",,,8,3,2,1,2,2,14,11,4,4,2,4,12,15,18,31
18.04.2023,02:45,Fiorentina,Atalanta,1:1,https://www.flashscore.co.uk/match/football/UTJ5cpY6/#/match-summary,2.31,0.59,63%,37%,18,6,7,1,5,1,"82%,(400/488)","67%,(199/297)",,,6,5,5,0,0,1,8,20,0,6,1,3,20,8,20,33
04.05.2023,03:00,Lazio,Sassuolo,2:0,https://www.flashscore.co.uk/match/football/IVyOtehi/#/match-summary,2.20,1.00,49%,51%,13,13,5,2,1,2,"87%,(447/514)","86%,(455/529)",,,6,6,2,5,2,1,13,13,2,3,3,5,14,14,16,28
08.10.2022,21:00,Sassuolo,Inter,1:2,https://www.flashscore.co.uk/match/football/jkglYaUE/#/match-summary,,,52%,48%,15,16,3,4,6,5,"85%,(422/496)","86%,(389/452)",,,5,9,7,3,0,1,14,17,2,2,3,2,25,22,19,15
10.11.2022,03:45,Fiorentina,Salernitana,2:1,https://www.flashscore.co.uk/match/football/SAGA22uN/#/match-summary,,,58%,42%,18,4,7,1,4,3,"86%,(484/564)","76%,(299/395)",,,9,1,2,2,4,3,10,11,0,5,0,1,14,13,24,20
16.10.2022,21:00,Spezia,Cremonese,2:2,https://www.flashscore.co.uk/match/football/6uMZqcTQ/#/match-summary,,,54%,46%,15,24,6,4,6,8,"72%,(293/407)","70%,(243/347)",,,3,11,6,9,3,2,12,11,2,4,2,0,13,15,29,18
02.04.2023,21:00,Monza,Lazio,0:2,https://www.flashscore.co.uk/match/football/Qc4tBro9/#/match-summary,1.46,0.58,57%,43%,11,8,3,4,8,3,"90%,(569/630)","87%,(422/485)",,,6,3,2,1,1,1,13,8,2,3,5,2,8,15,14,15
22.08.2022,00:30,Empoli,Fiorentina,0:0,https://www.flashscore.co.uk/match/football/KYbNZcmT/#/match-summary,,,37%,63%,4,19,2,2,1,9,"74%,(219/295)","87%,(418/482)",1,0,2,9,0,8,1,1,13,11,2,2,1,3,12,14,13,22
06.03.2023,01:00,Inter,Lecce,2:0,https://www.flashscore.co.uk/match/football/0ILRSDBI/#/match-summary,0.92,0.73,62%,38%,14,11,4,1,6,4,"84%,(434/517)","75%,(235/313)",,,7,8,3,2,3,1,10,11,1,2,,,12,13,37,22
08.04.2023,22:30,Atalanta,Bologna,0:2,https://www.flashscore.co.uk/match/football/zXwQ2Khk/#/match-summary,1.61,1.64,49%,51%,15,13,6,6,6,0,"81%,(398/494)","81%,(434/533)",,,4,5,5,2,1,6,6,5,4,6,3,2,9,7,32,28
14.02.2023,03:45,Sampdoria,Inter,0:0,https://www.flashscore.co.uk/match/football/pnFg7uqr/#/match-summary,0.00,0.00,35%,65%,7,25,2,5,3,7,"74%,(267/361)","90%,(600/667)",,,3,13,2,7,0,3,13,11,5,2,3,1,14,12,15,13
25.01.2023,03:45,Lazio,AC Milan,4:0,https://www.flashscore.co.uk/match/football/nisBlzXo/#/match-summary,,,50%,50%,10,10,5,3,3,4,"84%,(415/492)","84%,(416/496)",,,1,2,4,5,1,2,14,11,3,1,1,2,12,15,17,18
10.10.2022,02:45,AS Roma,Lecce,2:1,https://www.flashscore.co.uk/match/football/phjtzMa2/#/match-summary,,,67%,33%,20,6,6,3,13,4,"89%,(477/536)","71%,(196/276)",0,1,7,2,7,1,1,1,12,11,2,4,2,2,11,13,18,23
16.04.2023,21:00,Torino,Salernitana,1:1,https://www.flashscore.co.uk/match/football/2uRy0wf5/#/match-summary,2.17,0.66,64%,36%,16,8,5,1,4,2,"81%,(446/554)","66%,(206/312)",,,6,5,5,2,1,1,14,14,0,4,0,1,15,14,21,23
11.09.2022,02:45,Sampdoria,AC Milan,1:2,https://www.flashscore.co.uk/match/football/KlifO3qg/#/match-summary,,,57%,43%,10,15,4,4,2,4,"88%,(415/473)","83%,(291/352)",0,1,5,7,1,4,0,2,12,10,2,3,5,2,15,17,18,12
11.02.2023,03:45,AC Milan,Torino,1:0,https://www.flashscore.co.uk/match/football/E3ONC1LK/#/match-summary,1.33,0.77,46%,54%,9,12,4,2,3,8,"77%,(315/408)","82%,(385/469)",,,4,5,1,5,1,0,10,20,2,3,1,4,20,11,18,29
04.01.2023,19:30,Sassuolo,Sampdoria,1:2,https://www.flashscore.co.uk/match/football/Qu3lqKw9/#/match-summary,,,67%,33%,16,9,4,4,9,1,"84%,(466/555)","71%,(190/268)",,,6,4,6,1,1,6,16,19,2,3,2,3,24,17,23,19
27.08.2022,02:45,Lazio,Inter,3:1,https://www.flashscore.co.uk/match/football/jyEzsFfd/#/match-summary,,,48%,52%,11,19,7,7,2,4,"88%,(442/503)","89%,(481/539)",,,3,10,1,2,0,0,5,12,6,4,2,1,12,5,8,14
06.09.2022,00:30,Monza,Atalanta,0:2,https://www.flashscore.co.uk/match/football/zcmxISMJ/#/match-summary,,,60%,40%,11,13,3,6,4,9,"82%,(458/558)","78%,(286/366)",,,7,7,1,0,0,1,9,10,4,3,1,1,11,9,18,25
04.01.2023,19:30,Salernitana,AC Milan,1:2,https://www.flashscore.co.uk/match/football/nk4pp0O2/#/match-summary,,,44%,56%,8,16,1,10,6,2,"77%,(241/313)","80%,(319/399)",,,5,1,2,5,1,4,21,13,8,0,4,1,17,22,16,20
08.04.2023,20:30,Fiorentina,Spezia,1:1,https://www.flashscore.co.uk/match/football/ENxU1v8e/#/match-summary,1.18,0.49,65%,35%,19,4,4,3,8,4,"81%,(358/444)","64%,(152/238)",,,8,1,7,0,0,1,12,29,2,4,0,7,29,14,37,14
09.11.2022,03:45,Cremonese,AC Milan,0:0,https://www.flashscore.co.uk/match/football/KpH63rQG/#/match-summary,,,27%,73%,6,16,1,5,2,4,"63%,(146/232)","86%,(546/635)",,,2,7,3,4,2,2,16,10,5,1,4,3,12,19,21,19
30.04.2023,00:00,AS Roma,AC Milan,1:1,https://www.flashscore.co.uk/match/football/vuHlSewb/#/match-summary,1.30,1.17,36%,64%,11,11,1,1,1,5,"75%,(246/328)","87%,(504/579)",,,4,7,6,3,0,0,9,6,0,0,3,2,,,,
08.01.2023,03:45,Monza,Inter,2:2,https://www.flashscore.co.uk/match/football/6cu0vVis/#/match-summary,,,55%,45%,13,11,4,3,3,5,"83%,(425/512)","82%,(348/424)",,,6,7,3,1,0,3,14,20,1,2,0,3,23,14,22,17
14.01.2023,03:45,Napoli,Juventus,5:1,https://www.flashscore.co.uk/match/football/p2JxhlMt/#/match-summary,,,60%,40%,14,11,10,2,2,5,"88%,(500/568)","82%,(297/362)",,,2,4,2,5,1,0,10,9,1,5,0,1,15,13,19,21
07.01.2023,22:00,Fiorentina,Sassuolo,2:1,https://www.flashscore.co.uk/match/football/YoxYzdok/#/match-summary,,,53%,47%,14,17,5,4,6,3,"76%,(311/409)","73%,(273/374)",,,5,7,4,6,1,1,14,9,3,3,4,3,18,19,23,18
05.05.2023,02:45,Empoli,Bologna,3:1,https://www.flashscore.co.uk/match/football/pr79NXiT/#/match-summary,1.29,1.46,28%,72%,13,18,3,3,2,5,"68%,(150/221)","87%,(495/570)",,,7,9,3,6,0,3,15,16,2,1,3,0,19,14,17,29
11.11.2022,03:45,Lazio,Monza,1:0,https://www.flashscore.co.uk/match/football/Qodod0Ij/#/match-summary,,,47%,53%,12,8,4,0,4,3,"92%,(449/490)","90%,(508/563)",,,5,7,3,1,0,1,15,14,0,3,2,1,15,16,14,17
04.01.2023,23:30,Lecce,Lazio,2:1,https://www.flashscore.co.uk/match/football/KrCbMdWe/#/match-summary,,,40%,60%,11,8,4,2,4,3,"71%,(267/376)","80%,(462/578)",,,4,3,3,3,3,2,16,13,1,2,3,2,15,19,31,30
30.10.2022,19:30,Empoli,Atalanta,0:2,https://www.flashscore.co.uk/match/football/63QijYk0/#/match-summary,,,52%,48%,13,20,3,6,7,2,"82%,(353/430)","83%,(341/410)",,,4,3,6,11,4,2,10,13,4,3,2,1,15,12,32,16
20.02.2023,01:00,Spezia,Juventus,0:2,https://www.flashscore.co.uk/match/football/p8jUJISm/#/match-summary,1.16,1.43,58%,42%,18,15,7,3,7,4,"84%,(444/526)","76%,(281/370)",,,3,9,8,3,2,4,8,9,1,7,2,2,13,10,26,18
16.01.2023,03:45,AS Roma,Fiorentina,2:0,https://www.flashscore.co.uk/match/football/SQ8si8ym/#/match-summary,,,52%,48%,10,7,4,3,5,9,"88%,(396/452)","85%,(359/423)",0,1,5,2,1,2,3,1,15,12,3,2,3,4,12,18,18,17
30.04.2023,18:30,Inter,Lazio,3:1,https://www.flashscore.co.uk/match/football/U9Zc5YVp/#/match-summary,3.36,0.73,61%,39%,25,9,9,5,2,3,"87%,(542/623)","81%,(316/390)",,,11,1,5,3,2,2,13,14,4,6,2,4,,,,
11.09.2022,21:00,Bologna,Fiorentina,2:1,https://www.flashscore.co.uk/match/football/YiVO8Oq6/#/match-summary,,,39%,61%,12,13,4,2,6,8,"81%,(228/280)","88%,(380/433)",0,1,5,7,3,4,3,0,8,13,1,2,1,4,13,11,17,27
08.01.2023,22:00,Lazio,Empoli,2:2,https://www.flashscore.co.uk/match/football/K2vpYgV7/#/match-summary,,,54%,46%,18,5,4,2,10,3,"89%,(523/588)","88%,(444/505)",,,8,1,6,2,2,1,17,10,0,2,4,1,11,19,10,11
12.03.2023,22:00,Verona,Monza,1:1,https://www.flashscore.co.uk/match/football/nD2wOOPj/#/match-summary,0.68,1.21,39%,61%,8,9,3,3,7,2,"77%,(287/373)","87%,(517/594)",,,3,4,2,2,1,2,17,12,2,2,2,0,14,19,10,12
19.02.2023,19:30,Atalanta,Lecce,1:2,https://www.flashscore.co.uk/match/football/4lVf5JDf/#/match-summary,1.52,0.47,70%,30%,20,4,10,2,6,1,"81%,(522/643)","66%,(185/281)",,,6,2,4,0,2,2,10,12,0,9,3,3,14,11,43,16
24.01.2023,03:45,Inter,Empoli,0:1,https://www.flashscore.co.uk/match/football/rN2ApOKU/#/match-summary,,,49%,51%,16,13,1,8,2,3,"82%,(384/468)","85%,(442/520)",1,0,8,3,7,2,0,0,13,16,7,1,4,3,16,13,17,20
17.04.2023,02:45,AS Roma,Udinese,3:0,https://www.flashscore.co.uk/match/football/GOOP2uAn/#/match-summary,2.72,1.28,42%,58%,12,10,7,2,6,2,"78%,(263/337)","87%,(425/489)",,,4,4,1,4,2,1,18,11,2,4,1,4,11,17,15,9
19.02.2023,22:00,Fiorentina,Empoli,1:1,https://www.flashscore.co.uk/match/football/ruUb4wT0/#/match-summary,2.41,0.79,61%,39%,27,5,4,3,13,1,"83%,(348/417)","73%,(209/286)",,,15,2,8,0,3,3,8,15,2,3,1,5,18,12,37,23
26.02.2023,19:30,Bologna,Inter,1:0,https://www.flashscore.co.uk/match/football/xG8yIdc0/#/match-summary,1.38,1.09,48%,52%,14,13,5,4,1,6,"81%,(398/491)","83%,(436/525)",,,6,6,3,3,4,2,7,14,4,4,1,2,22,13,25,20
23.01.2023,01:00,Spezia,AS Roma,0:2,https://www.flashscore.co.uk/match/football/GWYRphWA/#/match-summary,,,52%,48%,8,13,0,3,4,0,"80%,(406/508)","80%,(383/479)",,,5,7,3,3,0,1,17,11,1,0,3,1,12,18,24,24
11.09.2022,18:30,Atalanta,Cremonese,1:1,https://www.flashscore.co.uk/match/football/vVVK94Ua/#/match-summary,,,58%,42%,14,7,6,4,3,3,"81%,(351/435)","75%,(225/299)",,,3,1,5,2,2,0,9,17,3,5,2,5,16,11,24,20
28.08.2022,02:45,AC Milan,Bologna,2:0,https://www.flashscore.co.uk/match/football/6qdN4In3/#/match-summary,,,48%,52%,19,8,7,0,5,1,"83%,(351/421)","82%,(389/475)",,,6,6,6,2,2,2,13,9,0,5,2,1,11,15,18,16
14.03.2023,03:45,AC Milan,Salernitana,1:1,https://www.flashscore.co.uk/match/football/6TLLpnX3/#/match-summary,2.49,0.79,64%,36%,24,6,4,3,6,4,"86%,(487/566)","71%,(233/328)",,,12,0,8,3,0,1,15,13,2,3,2,3,14,15,25,20
04.01.2023,21:30,Torino,Verona,1:1,https://www.flashscore.co.uk/match/football/Kvdcsb8L/#/match-summary,,,67%,33%,9,10,3,2,6,3,"80%,(463/579)","62%,(180/290)",,,2,6,4,2,2,0,7,17,1,2,1,1,17,9,27,13
23.04.2023,21:00,Udinese,Cremonese,3:0,https://www.flashscore.co.uk/match/football/xbuKCGwB/#/match-summary,1.69,1.08,48%,52%,17,12,9,2,3,8,"83%,(324/390)","84%,(351/418)",,,5,5,3,5,0,2,13,11,2,6,2,3,14,13,20,23
12.02.2023,19:30,Udinese,Sassuolo,2:2,https://www.flashscore.co.uk/match/football/OxEc6abl/#/match-summary,1.74,0.97,47%,53%,17,6,8,1,10,7,"87%,(344/395)","89%,(393/441)",,,4,5,5,0,3,0,12,8,0,6,2,2,8,15,12,15
09.10.2022,18:30,Torino,Empoli,1:1,https://www.flashscore.co.uk/match/football/UuhhXJqL/#/match-summary,,,66%,34%,20,6,7,2,6,1,"89%,(457/513)","72%,(191/265)",,,11,3,2,1,3,1,15,9,1,6,2,4,17,20,30,17
02.04.2023,18:30,Bologna,Udinese,3:0,https://www.flashscore.co.uk/match/football/prPsjs9q/#/match-summary,0.72,0.85,52%,48%,11,15,4,5,2,7,"87%,(418/482)","83%,(367/440)",,,5,8,2,2,2,1,17,10,5,1,1,1,11,19,14,25
24.04.2023,02:45,Juventus,Napoli,0:1,https://www.flashscore.co.uk/match/football/UiIhdegU/#/match-summary,0.39,1.41,35%,65%,7,17,4,6,3,6,"78%,(253/323)","89%,(557/627)",,,3,4,0,7,1,0,15,11,5,4,4,1,11,16,17,17
18.10.2022,02:45,Lecce,Fiorentina,1:1,https://www.flashscore.co.uk/match/football/WMTMnaq8/#/match-summary,,,41%,59%,6,10,2,5,2,8,"70%,(211/301)","76%,(337/443)",1,0,4,0,0,5,3,2,15,16,4,1,5,5,18,18,18,25
13.02.2023,03:45,Napoli,Cremonese,3:0,https://www.flashscore.co.uk/match/football/S6SRBLzR/#/match-summary,2.19,0.19,66%,34%,15,6,10,1,9,7,"88%,(615/699)","76%,(260/343)",,,4,2,1,3,3,0,7,7,1,7,0,2,9,14,11,20
12.03.2023,22:00,Cremonese,Fiorentina,0:2,https://www.flashscore.co.uk/match/football/hCp5tXuI/#/match-summary,2.01,1.66,47%,53%,16,10,5,3,1,6,"69%,(255/370)","74%,(319/431)",,,5,4,6,3,3,3,10,17,1,5,1,2,20,13,28,27
27.05.2023,21:00,Salernitana,Udinese,3:2,https://www.flashscore.co.uk/match/football/dCyYBwlg/#/match-summary,1.24,2.21,48%,52%,11,10,3,4,2,1,"81%,(325/401)","81%,(352/435)",0,1,3,5,5,1,0,1,12,22,2,0,3,3,22,9,18,17
04.04.2023,02:45,Sassuolo,Torino,1:1,https://www.flashscore.co.uk/match/football/Gncg8tVR/#/match-summary,1.08,2.02,47%,53%,12,16,4,2,6,7,"82%,(355/432)","84%,(407/482)",,,4,6,4,8,1,3,12,9,1,3,1,1,13,13,21,10
13.09.2022,02:45,Empoli,AS Roma,1:2,https://www.flashscore.co.uk/match/football/CrUS7raC/#/match-summary,,,51%,49%,11,8,1,4,7,7,"81%,(328/403)","77%,(284/368)",1,0,6,3,4,1,0,0,13,12,2,0,3,1,12,12,28,33
05.02.2023,22:00,Torino,Udinese,1:0,https://www.flashscore.co.uk/match/football/xMkGgMEr/#/match-summary,,,56%,44%,11,11,3,3,6,5,"85%,(393/462)","77%,(275/357)",,,4,4,4,4,3,1,13,8,3,2,1,2,9,16,15,13
29.08.2022,00:30,Salernitana,Sampdoria,4:0,https://www.flashscore.co.uk/match/football/vcfV2dHF/#/match-summary,,,45%,55%,9,17,6,6,6,3,"80%,(309/386)","85%,(413/488)",,,2,6,1,5,1,4,19,14,6,2,2,2,18,20,11,16
25.04.2023,02:45,Atalanta,AS Roma,3:1,https://www.flashscore.co.uk/match/football/p4Gtac9B/#/match-summary,0.99,1.12,37%,63%,7,14,4,1,3,4,"71%,(250/354)","82%,(503/611)",,,2,7,1,6,1,1,15,11,0,1,3,1,12,16,17,22
07.03.2023,01:30,Sassuolo,Cremonese,3:2,https://www.flashscore.co.uk/match/football/OWhlpFtg/#/match-summary,1.07,1.16,54%,46%,13,13,7,6,4,3,"77%,(345/448)","72%,(267/373)",,,5,6,1,1,0,0,11,9,4,4,1,4,13,18,32,24
26.02.2023,03:45,Lecce,Sassuolo,0:1,https://www.flashscore.co.uk/match/football/pMV2YHss/#/match-summary,1.29,1.18,41%,59%,16,7,0,3,4,7,"66%,(213/323)","78%,(366/470)",,,11,4,5,0,2,1,17,7,2,0,2,2,8,19,38,32
30.10.2022,02:45,Inter,Sampdoria,3:0,https://www.flashscore.co.uk/match/football/Q5tglCKC/#/match-summary,,,52%,48%,17,9,8,2,3,3,"81%,(397/488)","83%,(374/453)",,,7,5,2,2,0,0,4,13,2,5,1,6,13,5,13,19
04.05.2023,00:00,Juventus,Lecce,2:1,https://www.flashscore.co.uk/match/football/GQcuIBFj/#/match-summary,1.93,1.51,55%,45%,16,14,4,5,6,7,"86%,(404/470)","81%,(310/383)",,,10,6,2,3,3,4,11,10,4,2,2,2,16,12,9,15
29.10.2022,21:00,Napoli,Sassuolo,4:0,https://www.flashscore.co.uk/match/football/xpAB6gzs/#/match-summary,,,67%,33%,18,10,6,6,11,5,"92%,(614/667)","80%,(254/317)",0,1,8,4,4,0,3,0,5,6,6,2,0,3,6,8,20,19
06.11.2022,22:00,Monza,Verona,2:0,https://www.flashscore.co.uk/match/football/CEQo86Bo/#/match-summary,,,75%,25%,14,7,3,2,5,2,"86%,(553/641)","59%,(118/199)",0,1,8,4,3,1,1,2,10,10,2,1,3,1,11,11,12,23
28.08.2022,00:30,Juventus,AS Roma,1:1,https://www.flashscore.co.uk/match/football/CpFWseuj/#/match-summary,,,57%,43%,14,8,3,4,4,5,"88%,(442/502)","81%,(318/392)",,,8,2,3,2,0,1,16,7,3,2,2,2,8,16,22,20
