date,time,home_team,away_team,score,match_url,Expected_goals_(xG)_home,Expected_goals_(xG)_away,Ball_possession_home,Ball_possession_away,Total_shots_home,Total_shots_away,Shots_on_target_home,Shots_on_target_away,Corner_kicks_home,Corner_kicks_away,Passes_home,Passes_away,Yellow_cards_home,Yellow_cards_away,Red_cards_home,Red_cards_away,Shots_off_target_home,Shots_off_target_away,Blocked_shots_home,Blocked_shots_away,Offsides_home,Offsides_away,Free_kicks_home,Free_kicks_away,Throw_ins_home,Throw_ins_away,Fouls_home,Fouls_away,Goalkeeper_saves_home,Goalkeeper_saves_away
02.09.2023,02:45,AS Roma,AC Milan,1:2,https://www.flashscore.co.uk/match/football/dbUkddNg/#/match-summary,0.39,1.62,43%,57%,13,9,2,4,3,5,"84%,(336/399)","88%,(478/544)",2,4,0,1,7,1,4,4,1,1,13,15,11,7,14,15,2,1
05.02.2024,01:00,Atalanta,Lazio,3:1,https://www.flashscore.co.uk/match/football/dxJ0EPJI/#/match-summary,2.42,1.07,53%,47%,19,7,5,1,6,1,"86%,(477/555)","84%,(416/495)",2,3,,,9,3,5,3,1,1,13,13,7,25,13,14,0,2
17.03.2024,01:00,Salernitana,Lecce,0:1,https://www.flashscore.co.uk/match/football/trxccn1H/#/match-summary,0.99,1.27,71%,29%,15,17,6,4,7,1,"88%,(616/700)","77%,(217/282)",4,3,,,6,10,3,3,1,1,19,11,16,22,9,18,3,6
11.03.2024,01:00,Juventus,Atalanta,2:2,https://www.flashscore.co.uk/match/football/OIP2mBXh/#/match-summary,0.89,0.37,51%,49%,18,7,5,3,4,3,"85%,(431/507)","86%,(425/494)",0,1,,,7,3,6,1,2,0,11,14,23,11,12,10,1,3
10.02.2024,22:00,Cagliari,Lazio,1:3,https://www.flashscore.co.uk/match/football/67M49zYj/#/match-summary,0.87,1.19,45%,55%,13,12,6,5,7,8,"80%,(383/479)","85%,(497/585)",1,3,,,4,6,3,1,1,3,10,8,19,22,6,9,2,5
14.04.2024,00:00,Torino,Juventus,0:0,https://www.flashscore.co.uk/match/football/0QXPHDr1/#/match-summary,0.59,0.84,48%,52%,13,8,2,3,6,2,"85%,(334/393)","85%,(384/451)",3,2,1,0,3,3,8,2,0,1,12,18,13,16,18,11,3,2
07.01.2024,22:00,Udinese,Lazio,1:2,https://www.flashscore.co.uk/match/football/vwjcwCie/#/match-summary,0.68,0.42,47%,53%,13,7,2,2,4,4,"80%,(311/390)","81%,(362/447)",5,3,,,6,4,5,1,0,1,21,14,29,21,16,22,0,1
22.04.2024,02:45,Monza,Atalanta,1:2,https://www.flashscore.co.uk/match/football/pWEkYYSs/#/match-summary,1.27,1.52,58%,42%,17,12,2,6,2,8,"86%,(466/542)","79%,(301/381)",3,2,,,9,5,6,1,0,1,15,8,26,14,8,13,4,1
20.08.2023,02:45,Genoa,Fiorentina,1:4,https://www.flashscore.co.uk/match/football/23gdjUf3/#/match-summary,0.18,0.86,32%,68%,4,9,2,5,3,4,"75%,(217/289)","88%,(576/656)",2,3,,,2,2,0,2,2,1,14,16,14,17,14,13,1,1
27.05.2024,02:45,Verona,Inter,2:2,https://www.flashscore.co.uk/match/football/jPP565dL/#/match-summary,2.49,2.22,35%,65%,18,15,8,11,9,3,"80%,(240/300)","87%,(514/591)",1,1,,,2,1,8,3,2,5,14,19,15,21,17,8,9,6
22.10.2023,02:45,Sassuolo,Lazio,0:2,https://www.flashscore.co.uk/match/football/hpnBw6Tm/#/match-summary,0.39,2.12,51%,49%,9,18,2,6,5,7,"84%,(433/515)","86%,(420/488)",1,5,,,4,10,3,2,0,4,15,6,21,19,6,10,4,2
09.04.2024,02:45,Udinese,Inter,1:2,https://www.flashscore.co.uk/match/football/Q7Js5zae/#/match-summary,0.07,3.57,23%,77%,3,23,1,6,0,8,"60%,(128/213)","89%,(631/709)",1,2,,,1,10,1,7,0,4,16,10,17,22,11,11,4,0
08.01.2024,01:00,Salernitana,Juventus,1:2,https://www.flashscore.co.uk/match/football/U30NqEER/#/match-summary,0.58,2.26,29%,71%,8,18,3,3,2,8,"71%,(182/258)","89%,(539/606)",3,5,1,0,3,9,2,6,0,2,17,10,17,23,9,15,1,2
23.12.2023,01:30,Sassuolo,Genoa,1:2,https://www.flashscore.co.uk/match/football/jyrhYP9b/#/match-summary,2.02,1.46,43%,57%,12,14,3,5,3,6,"82%,(304/371)","86%,(412/479)",2,1,,,7,8,2,1,2,1,10,12,16,19,11,9,3,2
27.02.2024,01:30,AS Roma,Torino,3:2,https://www.flashscore.co.uk/match/football/WjNdYvSl/#/match-summary,1.31,0.68,55%,45%,6,14,3,6,0,4,"86%,(472/549)","84%,(369/439)",2,2,,,2,2,1,6,0,1,17,12,8,5,12,16,4,0
17.09.2023,02:45,Genoa,Napoli,2:2,https://www.flashscore.co.uk/match/football/bitp6XjI/#/match-summary,1.23,0.99,34%,66%,8,12,3,4,3,1,"75%,(226/303)","86%,(524/610)",3,2,,,4,3,1,5,1,3,11,15,17,22,14,8,2,1
29.09.2023,02:45,Genoa,AS Roma,4:1,https://www.flashscore.co.uk/match/football/ITxy8Ew3/#/match-summary,1.26,1.48,29%,71%,8,13,4,3,1,7,"76%,(208/272)","90%,(597/664)",4,3,,,1,6,3,4,0,2,15,6,16,28,7,12,2,0
10.03.2024,22:00,AC Milan,Empoli,1:0,https://www.flashscore.co.uk/match/football/E7IFp9HB/#/match-summary,0.89,0.23,62%,38%,15,5,5,2,11,4,"91%,(505/555)","84%,(286/340)",1,4,,,8,2,2,1,1,4,17,19,14,19,18,13,2,4
09.12.2023,22:00,Verona,Lazio,1:1,https://www.flashscore.co.uk/match/football/p0Ki5RuC/#/match-summary,0.61,1.02,29%,71%,5,14,1,5,1,7,"64%,(156/244)","84%,(516/614)",2,4,1,0,3,5,1,4,2,2,13,18,11,24,16,11,4,0
17.03.2024,19:30,Juventus,Genoa,0:0,https://www.flashscore.co.uk/match/football/jgqp0lHb/#/match-summary,0.89,0.21,66%,34%,17,5,2,2,12,2,"85%,(459/540)","72%,(203/282)",4,1,1,0,4,3,11,0,2,0,11,13,26,18,11,11,2,2
30.12.2023,03:45,Genoa,Inter,1:1,https://www.flashscore.co.uk/match/football/4v8RnPOi/#/match-summary,0.48,1.45,48%,52%,13,16,4,6,8,2,"79%,(297/376)","86%,(366/426)",2,2,,,5,6,4,4,0,0,14,13,18,17,13,15,5,3
27.11.2023,03:45,Juventus,Inter,1:1,https://www.flashscore.co.uk/match/football/fVPlGWWF/#/match-summary,0.55,0.72,35%,65%,4,8,1,4,1,0,"83%,(323/389)","91%,(680/747)",2,1,,,3,4,0,0,0,0,12,10,14,16,12,13,3,0
24.02.2024,03:45,Bologna,Verona,2:0,https://www.flashscore.co.uk/match/football/Wj1RIaS1/#/match-summary,1.51,0.56,58%,42%,12,7,3,3,11,1,"82%,(372/454)","79%,(265/334)",2,2,,,5,3,4,1,3,3,13,12,28,21,12,15,3,1
27.02.2024,03:45,Fiorentina,Lazio,2:1,https://www.flashscore.co.uk/match/football/OplDt3K8/#/match-summary,2.82,0.32,54%,46%,22,5,7,1,13,2,"85%,(464/546)","84%,(404/481)",0,2,,,9,2,6,2,1,0,12,16,17,20,15,12,0,5
05.12.2023,03:45,Torino,Atalanta,3:0,https://www.flashscore.co.uk/match/football/4MA89LF0/#/match-summary,1.91,0.52,54%,46%,9,10,5,4,4,3,"81%,(389/480)","80%,(316/395)",2,2,,,4,2,0,4,2,1,13,15,21,18,12,14,4,2
19.05.2024,18:30,Sassuolo,Cagliari,0:2,https://www.flashscore.co.uk/match/football/IaF6mQkq/#/match-summary,0.29,1.49,50%,50%,7,13,0,3,5,6,"73%,(239/327)","73%,(236/323)",4,2,1,0,4,5,3,5,1,2,11,14,12,27,14,9,1,0
30.12.2023,01:30,Napoli,Monza,0:0,https://www.flashscore.co.uk/match/football/CAfrqsOG/#/match-summary,1.96,1.39,58%,42%,25,8,9,3,10,1,"88%,(437/497)","80%,(289/361)",4,4,,,10,2,6,3,0,2,23,10,22,12,10,21,3,9
10.12.2023,19:30,Frosinone,Torino,0:0,https://www.flashscore.co.uk/match/football/n5x5EVIP/#/match-summary,0.69,1.10,52%,48%,11,16,5,3,3,8,"73%,(323/442)","71%,(274/386)",3,3,,,3,8,3,5,0,3,20,15,22,17,13,17,3,5
03.06.2024,00:00,Atalanta,Fiorentina,2:3,https://www.flashscore.co.uk/match/football/0OKRs71U/#/match-summary,1.86,1.29,53%,47%,12,8,3,4,4,4,"82%,(393/479)","79%,(337/427)",0,2,,,8,2,1,2,5,4,12,11,20,21,5,9,1,1
02.03.2024,22:00,Udinese,Salernitana,1:1,https://www.flashscore.co.uk/match/football/Iu3yXkmC/#/match-summary,1.32,0.74,50%,50%,18,17,5,1,5,6,"86%,(326/379)","82%,(319/388)",5,1,1,0,8,11,5,5,4,1,15,18,15,20,13,13,0,4
04.03.2024,03:45,Napoli,Juventus,2:1,https://www.flashscore.co.uk/match/football/AFaTYBIa/#/match-summary,2.32,1.33,71%,29%,14,18,7,4,2,1,"89%,(580/652)","75%,(199/265)",1,4,,,4,10,3,4,1,1,17,9,20,17,6,16,3,5
27.05.2024,02:45,Empoli,AS Roma,2:1,https://www.flashscore.co.uk/match/football/4W5t03Zl/#/match-summary,2.70,1.32,33%,67%,17,15,7,3,4,5,"74%,(189/255)","86%,(474/551)",4,1,,,5,8,5,4,3,2,12,18,16,20,18,12,2,5
16.01.2024,03:45,Atalanta,Frosinone,5:0,https://www.flashscore.co.uk/match/football/M1u2xW61/#/match-summary,4.23,0.36,48%,52%,21,8,9,5,8,2,"82%,(397/484)","83%,(444/535)",0,1,,,6,1,6,2,0,2,9,11,28,31,11,8,5,4
07.05.2024,02:45,Udinese,Napoli,1:1,https://www.flashscore.co.uk/match/football/MBCLwGMH/#/match-summary,0.73,0.87,32%,68%,10,12,2,4,7,5,"80%,(204/255)","88%,(517/588)",,,,,6,1,2,7,5,1,12,21,19,19,13,10,3,1
13.05.2024,02:45,Atalanta,AS Roma,2:1,https://www.flashscore.co.uk/match/football/GCUgL76j/#/match-summary,3.12,1.36,58%,42%,24,9,7,6,6,1,"87%,(468/538)","79%,(318/403)",1,1,,,14,1,3,2,2,1,15,15,22,10,11,11,5,5
17.12.2023,01:00,Napoli,Cagliari,2:1,https://www.flashscore.co.uk/match/football/QJuRJQf5/#/match-summary,2.87,1.22,67%,33%,21,9,5,3,5,3,"84%,(469/558)","61%,(164/269)",5,3,,,11,5,5,1,5,1,11,18,19,13,9,10,2,3
26.04.2024,02:00,Udinese,AS Roma,1:2,https://www.flashscore.co.uk/match/football/f1nTGXc7/#/match-summary,0.56,1.13,28%,72%,9,19,3,5,5,8,"72%,(188/261)","87%,(597/686)",3,2,,,3,5,3,9,2,2,9,14,8,14,15,10,3,2
28.11.2023,03:45,Bologna,Torino,2:0,https://www.flashscore.co.uk/match/football/8MH1fkAd/#/match-summary,1.67,0.39,49%,51%,13,9,2,3,3,2,"79%,(314/397)","80%,(341/426)",3,4,,,6,3,5,3,1,2,17,17,24,24,16,15,3,0
24.12.2023,01:00,Verona,Cagliari,2:0,https://www.flashscore.co.uk/match/football/pzy1W3vB/#/match-summary,1.02,1.11,59%,41%,13,12,5,3,11,7,"83%,(389/469)","77%,(254/330)",3,4,0,1,7,8,1,1,1,1,20,12,9,24,9,19,3,3
24.02.2024,22:00,Sassuolo,Empoli,2:3,https://www.flashscore.co.uk/match/football/vHQ4WId1/#/match-summary,1.61,2.43,54%,46%,19,13,5,6,4,1,"80%,(322/401)","78%,(283/363)",1,3,,,11,4,3,3,0,3,13,9,22,19,12,14,3,3
18.12.2023,01:00,Bologna,AS Roma,2:0,https://www.flashscore.co.uk/match/football/6F8035AO/#/match-summary,0.55,0.67,56%,44%,8,8,2,3,0,4,"88%,(488/555)","84%,(359/427)",4,4,,,2,3,4,2,4,3,20,18,9,20,16,16,3,0
10.03.2024,19:30,Lecce,Verona,0:1,https://www.flashscore.co.uk/match/football/dWNAok25/#/match-summary,1.01,0.60,56%,44%,15,13,3,4,11,6,"69%,(222/322)","61%,(161/264)",3,3,0,1,5,7,7,2,3,2,21,17,33,21,15,19,3,3
30.12.2023,01:30,Fiorentina,Torino,1:0,https://www.flashscore.co.uk/match/football/jy4Nm59o/#/match-summary,0.71,0.34,52%,48%,12,6,3,3,4,2,"80%,(284/354)","77%,(247/319)",4,2,,,5,3,4,0,2,2,17,13,23,20,11,15,3,2
29.08.2023,02:45,Cagliari,Inter,0:2,https://www.flashscore.co.uk/match/football/Iw2kTcg7/#/match-summary,0.49,0.89,33%,67%,12,17,2,3,4,7,"78%,(257/331)","88%,(594/673)",1,1,,,4,9,6,5,1,2,12,10,17,15,9,10,1,2
20.08.2023,00:30,Frosinone,Napoli,1:3,https://www.flashscore.co.uk/match/football/OCfhiAuc/#/match-summary,1.01,1.42,48%,52%,4,19,1,8,4,6,"88%,(384/438)","89%,(422/476)",3,3,,,2,4,1,7,3,3,18,17,8,9,14,17,5,0
02.12.2023,22:00,Genoa,Empoli,1:1,https://www.flashscore.co.uk/match/football/SxDy7Sg2/#/match-summary,1.05,1.02,51%,49%,21,9,1,1,5,3,"72%,(272/378)","74%,(280/378)",3,1,,,14,5,6,3,3,0,18,21,23,34,15,19,0,0
21.08.2023,02:45,Udinese,Juventus,0:3,https://www.flashscore.co.uk/match/football/zFCpUwv1/#/match-summary,0.82,1.79,48%,52%,18,9,5,4,7,3,"88%,(379/430)","82%,(392/476)",1,3,,,6,3,7,2,3,4,14,15,16,9,12,10,1,5
12.02.2024,01:00,Genoa,Atalanta,1:4,https://www.flashscore.co.uk/match/football/YDEjXwQc/#/match-summary,1.01,2.06,55%,45%,15,14,6,9,7,4,"81%,(417/515)","76%,(321/422)",3,4,,,5,1,4,4,0,1,13,8,20,22,8,13,5,5
02.04.2024,00:00,Lecce,AS Roma,0:0,https://www.flashscore.co.uk/match/football/KnGZA5VG/#/match-summary,1.96,1.50,40%,60%,27,10,6,3,8,4,"74%,(246/332)","80%,(410/513)",3,2,,,12,6,9,1,2,0,12,11,17,23,9,12,3,6
20.05.2024,00:00,Inter,Lazio,1:1,https://www.flashscore.co.uk/match/football/beWNelr3/#/match-summary,1.66,0.63,58%,42%,19,8,7,3,8,0,"90%,(519/576)","83%,(353/425)",0,1,,,8,4,4,1,0,3,19,9,12,19,10,15,2,6
27.04.2024,21:00,Lecce,Monza,1:1,https://www.flashscore.co.uk/match/football/lOXypWRg/#/match-summary,0.86,1.33,46%,54%,12,9,4,1,0,5,"82%,(317/387)","81%,(367/453)",2,3,,,5,4,3,4,0,1,19,13,14,21,13,18,0,3
07.04.2024,18:30,Frosinone,Bologna,0:0,https://www.flashscore.co.uk/match/football/jTagRQFc/#/match-summary,0.36,1.36,34%,66%,12,13,5,5,5,2,"69%,(210/304)","86%,(505/587)",1,3,,,3,6,4,2,0,2,16,8,28,18,10,14,5,5
02.04.2024,02:45,Inter,Empoli,2:0,https://www.flashscore.co.uk/match/football/CMCRCR04/#/match-summary,1.78,0.42,59%,41%,19,14,7,3,8,6,"91%,(517/568)","85%,(316/372)",0,2,,,4,6,8,5,1,0,16,15,11,20,14,16,3,5
06.04.2024,21:00,AC Milan,Lecce,3:0,https://www.flashscore.co.uk/match/football/bg31P4pA/#/match-summary,1.69,0.43,64%,36%,16,11,8,7,5,1,"92%,(574/623)","86%,(300/348)",1,1,0,1,5,3,3,1,2,1,9,9,12,8,8,8,7,5
16.03.2024,22:00,Monza,Cagliari,1:0,https://www.flashscore.co.uk/match/football/YHYla8W4/#/match-summary,0.85,0.46,62%,38%,15,10,3,0,3,7,"87%,(467/536)","78%,(247/317)",2,1,,,6,7,6,3,1,3,12,12,23,16,11,9,0,2
12.12.2023,01:30,Empoli,Lecce,1:1,https://www.flashscore.co.uk/match/football/Y1Y0FB3J/#/match-summary,0.58,0.53,55%,45%,18,14,6,5,8,3,"78%,(326/418)","76%,(261/343)",2,2,,,8,5,4,4,3,2,19,17,29,13,14,18,4,5
29.04.2024,02:45,Fiorentina,Sassuolo,5:1,https://www.flashscore.co.uk/match/football/tvnotlRI/#/match-summary,3.54,0.36,67%,33%,22,7,10,2,10,2,"89%,(545/612)","73%,(218/300)",2,2,,,9,3,3,2,2,0,8,12,14,12,9,9,1,5
28.09.2023,02:45,Lazio,Torino,2:0,https://www.flashscore.co.uk/match/football/8IVm5CNL/#/match-summary,0.77,0.23,50%,50%,6,7,3,2,4,2,"86%,(448/518)","87%,(443/512)",1,4,,,2,3,1,2,0,1,14,11,14,10,12,13,2,1
05.11.2023,01:00,Atalanta,Inter,1:2,https://www.flashscore.co.uk/match/football/rcwBZEYT/#/match-summary,0.90,1.37,54%,46%,14,10,4,4,6,1,"84%,(433/515)","81%,(360/444)",4,1,1,0,5,4,5,2,2,2,14,15,19,13,13,9,2,3
03.12.2023,22:00,Fiorentina,Salernitana,3:0,https://www.flashscore.co.uk/match/football/UifY78vd/#/match-summary,2.51,0.67,58%,42%,22,11,9,1,3,2,"86%,(449/522)","79%,(302/382)",1,0,,,5,4,8,6,2,3,13,13,15,15,13,12,1,6
30.10.2023,01:00,Inter,AS Roma,1:0,https://www.flashscore.co.uk/match/football/Qegstakn/#/match-summary,2.08,0.12,63%,37%,19,3,3,1,8,0,"88%,(501/569)","78%,(275/353)",3,4,,,9,1,7,1,1,1,12,14,20,12,14,9,1,2
15.01.2024,01:00,Fiorentina,Udinese,2:2,https://www.flashscore.co.uk/match/football/l8Xm0Zb8/#/match-summary,1.17,1.27,70%,30%,10,12,3,6,4,4,"86%,(462/537)","74%,(170/230)",1,1,,,6,5,1,1,1,1,14,15,24,14,14,13,4,1
11.12.2023,03:45,AS Roma,Fiorentina,1:1,https://www.flashscore.co.uk/match/football/v3Hq7mBa/#/match-summary,0.68,1.56,34%,66%,4,14,1,8,1,6,"74%,(234/316)","89%,(530/596)",5,3,2,1,2,5,1,1,1,0,11,14,7,10,14,14,7,0
17.01.2024,03:45,Juventus,Sassuolo,3:0,https://www.flashscore.co.uk/match/football/8AmkbDTK/#/match-summary,1.01,0.27,46%,54%,12,8,5,4,5,2,"84%,(388/462)","85%,(463/545)",0,2,,,2,3,5,1,6,0,9,15,15,21,9,9,4,2
31.12.2023,03:45,Juventus,AS Roma,1:0,https://www.flashscore.co.uk/match/football/n3cWoqvb/#/match-summary,1.22,0.41,43%,57%,13,11,4,2,2,2,"84%,(370/440)","87%,(519/597)",1,1,,,6,5,3,4,2,0,14,17,11,13,15,14,2,3
24.12.2023,03:45,AS Roma,Napoli,2:0,https://www.flashscore.co.uk/match/football/rBvpznun/#/match-summary,1.80,0.74,41%,59%,17,7,4,2,4,0,"80%,(266/333)","87%,(429/493)",7,4,0,2,10,2,3,3,2,1,8,18,18,21,19,12,2,2
22.01.2024,01:00,Salernitana,Genoa,1:2,https://www.flashscore.co.uk/match/football/nPUulT5D/#/match-summary,0.89,1.20,60%,40%,11,5,2,5,5,5,"83%,(444/535)","73%,(264/362)",0,5,,,3,0,6,0,7,0,11,17,26,17,7,15,3,1
17.02.2024,02:00,Torino,Lecce,2:0,https://www.flashscore.co.uk/match/football/0r1sNg2j/#/match-summary,1.49,0.57,60%,40%,12,8,4,4,5,5,"82%,(411/500)","75%,(247/331)",1,4,0,1,4,2,4,2,1,0,9,16,15,19,16,11,4,2
04.03.2024,01:00,Atalanta,Bologna,1:2,https://www.flashscore.co.uk/match/football/I7P8VxC7/#/match-summary,1.38,1.22,55%,45%,11,11,2,6,6,2,"82%,(446/541)","83%,(392/470)",3,2,,,2,2,7,3,2,2,17,15,31,20,11,12,4,1
08.10.2023,18:30,Monza,Salernitana,3:0,https://www.flashscore.co.uk/match/football/SSNE9RE7/#/match-summary,3.12,0.49,58%,42%,16,8,7,5,7,7,"86%,(422/491)","81%,(286/353)",1,2,,,5,2,4,1,0,2,18,8,16,17,8,16,5,4
06.01.2024,19:30,Inter,Verona,2:1,https://www.flashscore.co.uk/match/football/fXhBnGU8/#/match-summary,1.80,1.14,61%,39%,15,8,6,3,7,0,"83%,(426/511)","74%,(236/320)",0,2,0,1,8,4,1,1,6,1,15,20,24,17,16,15,2,4
15.01.2024,03:45,AC Milan,AS Roma,3:1,https://www.flashscore.co.uk/match/football/4tZKhiir/#/match-summary,1.57,1.57,48%,52%,17,12,5,5,2,5,"89%,(421/473)","87%,(432/497)",2,3,,,8,3,4,4,1,5,13,11,11,12,12,9,4,2
12.11.2023,19:30,Napoli,Empoli,0:1,https://www.flashscore.co.uk/match/football/bmSR0iXS/#/match-summary,0.86,0.43,65%,35%,18,8,7,3,8,3,"87%,(497/570)","75%,(226/302)",1,1,,,8,2,3,3,1,5,18,12,31,23,11,13,2,7
05.11.2023,19:30,Verona,Monza,1:3,https://www.flashscore.co.uk/match/football/2LCmmY2T/#/match-summary,0.65,0.78,46%,54%,16,12,5,6,2,6,"71%,(362/511)","86%,(423/492)",1,2,,,6,4,5,2,0,0,12,6,18,16,6,12,3,4
18.12.2023,03:45,Lazio,Inter,0:2,https://www.flashscore.co.uk/match/football/v3wFMSAn/#/match-summary,1.35,1.45,48%,52%,13,12,4,4,8,7,"86%,(416/484)","88%,(477/542)",1,2,1,0,5,5,4,3,1,0,15,13,16,13,13,15,2,4
19.12.2023,03:45,Atalanta,Salernitana,4:1,https://www.flashscore.co.uk/match/football/SO9d4oeI/#/match-summary,1.70,1.15,52%,48%,20,10,11,3,10,7,"82%,(394/480)","77%,(355/461)",1,2,,,6,3,3,4,1,3,14,10,22,25,9,11,2,7
11.03.2024,03:45,Fiorentina,AS Roma,2:2,https://www.flashscore.co.uk/match/football/UJWgkX2t/#/match-summary,2.25,0.52,33%,67%,15,10,5,5,8,2,"80%,(220/275)","88%,(516/586)",2,5,,,6,4,4,1,1,2,15,10,16,16,10,15,3,3
04.09.2023,02:45,Empoli,Juventus,0:2,https://www.flashscore.co.uk/match/football/p6VB3vVJ/#/match-summary,0.32,2.92,50%,50%,7,18,0,5,3,7,"87%,(389/447)","85%,(398/468)",3,3,,,5,6,2,7,2,1,14,15,17,13,14,13,3,0
12.05.2024,00:00,Napoli,Bologna,0:2,https://www.flashscore.co.uk/match/football/AZkTZ6Lq/#/match-summary,1.55,1.33,60%,40%,16,11,6,4,9,3,"88%,(480/545)","84%,(315/375)",2,1,,,7,5,3,2,3,1,10,17,19,8,15,12,2,6
24.09.2023,02:45,Lazio,Monza,1:1,https://www.flashscore.co.uk/match/football/AVe08NXo/#/match-summary,0.92,0.92,49%,51%,8,16,1,4,1,3,"85%,(435/512)","84%,(461/549)",2,2,,,4,10,3,2,3,2,8,16,24,17,13,7,3,0
30.12.2023,22:00,Udinese,Bologna,3:0,https://www.flashscore.co.uk/match/football/h88CREhq/#/match-summary,0.98,0.97,26%,74%,15,14,7,5,7,7,"76%,(144/189)","87%,(490/563)",2,5,,,6,7,2,2,1,0,12,12,13,15,15,14,5,4
31.10.2023,01:30,Empoli,Atalanta,0:3,https://www.flashscore.co.uk/match/football/0GxWYsrJ/#/match-summary,0.37,1.68,44%,56%,9,18,2,6,3,6,"77%,(321/418)","83%,(449/541)",4,0,,,5,8,2,4,3,1,15,13,32,26,10,13,3,2
07.05.2024,00:00,Salernitana,Atalanta,1:2,https://www.flashscore.co.uk/match/football/jDeAtIxa/#/match-summary,0.42,1.87,31%,69%,9,17,2,4,1,7,"66%,(208/315)","85%,(591/695)",1,0,,,4,8,3,5,0,3,14,13,15,14,12,10,2,1
01.10.2023,00:00,AC Milan,Lazio,2:0,https://www.flashscore.co.uk/match/football/n9jNJBxF/#/match-summary,1.87,0.45,50%,50%,14,13,7,4,7,1,"86%,(410/477)","85%,(410/482)",3,2,,,2,5,5,4,2,2,7,19,22,17,15,5,4,5
10.03.2024,03:45,Genoa,Monza,2:3,https://www.flashscore.co.uk/match/football/CrMbliIn/#/match-summary,1.99,1.65,62%,38%,22,9,6,5,10,1,"87%,(401/461)","75%,(213/284)",1,1,,,9,3,7,1,1,0,10,11,22,12,11,10,2,4
24.09.2023,18:30,Empoli,Inter,0:1,https://www.flashscore.co.uk/match/football/Wvcd93Iu/#/match-summary,0.32,1.87,39%,61%,7,23,1,6,3,6,"81%,(283/349)","86%,(477/554)",2,2,,,3,11,3,6,0,1,12,15,16,31,15,11,5,1
26.02.2024,03:45,AC Milan,Atalanta,1:1,https://www.flashscore.co.uk/match/football/lSXiZKCr/#/match-summary,1.34,0.96,68%,32%,20,8,7,3,5,3,"88%,(554/630)","73%,(215/295)",1,4,,,7,3,6,2,0,1,13,7,14,12,12,16,2,6
17.12.2023,03:45,Torino,Empoli,1:0,https://www.flashscore.co.uk/match/football/htCNIpAB/#/match-summary,1.55,0.32,53%,47%,10,7,3,2,6,4,"80%,(356/445)","80%,(329/411)",4,2,,,5,4,2,1,2,2,12,17,25,14,15,10,2,2
12.11.2023,03:45,Monza,Torino,1:1,https://www.flashscore.co.uk/match/football/GOxN1XHM/#/match-summary,1.11,0.97,44%,56%,12,12,5,5,3,1,"83%,(345/416)","89%,(472/532)",2,2,,,4,5,3,2,0,1,12,11,14,12,11,11,4,4
02.10.2023,02:45,AS Roma,Frosinone,2:0,https://www.flashscore.co.uk/match/football/0CfRIViL/#/match-summary,0.46,0.91,50%,50%,11,8,5,0,7,3,"80%,(359/449)","83%,(378/455)",1,2,,,5,6,1,2,2,2,14,14,20,12,12,11,0,3
26.11.2023,22:00,Empoli,Sassuolo,3:4,https://www.flashscore.co.uk/match/football/n5MtIh23/#/match-summary,1.28,2.57,49%,51%,11,17,9,9,6,5,"79%,(284/359)","75%,(283/377)",4,2,,,1,3,1,5,4,0,14,24,17,21,20,15,5,6
03.10.2023,00:30,Torino,Verona,0:0,https://www.flashscore.co.uk/match/football/hAV1CTUl/#/match-summary,0.57,0.26,55%,45%,8,5,2,2,10,1,"74%,(307/415)","72%,(260/361)",1,1,,,5,1,1,2,1,1,10,6,29,19,6,11,2,2
21.10.2023,21:00,Verona,Napoli,1:3,https://www.flashscore.co.uk/match/football/v1lNz4D6/#/match-summary,0.86,2.27,40%,60%,15,22,9,10,5,8,"80%,(258/324)","87%,(454/523)",3,2,,,6,6,0,6,0,2,8,11,23,11,12,9,7,8
01.04.2024,18:30,Bologna,Salernitana,3:0,https://www.flashscore.co.uk/match/football/vJHXjpvo/#/match-summary,1.68,0.62,70%,30%,14,8,3,2,5,3,"91%,(704/774)","77%,(244/317)",0,3,,,5,3,6,3,3,0,11,14,22,11,11,12,2,0
22.10.2023,21:00,Salernitana,Cagliari,2:2,https://www.flashscore.co.uk/match/football/CYUDvnEs/#/match-summary,1.58,1.73,48%,52%,13,13,2,6,8,5,"78%,(249/321)","78%,(272/348)",3,4,,,9,4,2,3,1,3,15,15,26,18,11,12,4,0
22.08.2023,00:30,Torino,Cagliari,0:0,https://www.flashscore.co.uk/match/football/dODtVJOf/#/match-summary,0.98,0.36,57%,43%,11,8,2,2,8,3,"79%,(354/448)","72%,(243/338)",1,1,,,6,5,3,1,1,2,14,9,21,18,8,12,2,2
15.02.2024,02:00,Bologna,Fiorentina,2:0,https://www.flashscore.co.uk/match/football/dzbb6ALs/#/match-summary,2.13,0.94,58%,42%,18,12,7,3,2,3,"84%,(462/550)","78%,(302/387)",2,3,,,8,6,3,3,3,0,9,13,18,24,11,8,3,5
15.04.2024,02:45,Inter,Cagliari,2:2,https://www.flashscore.co.uk/match/football/UyfsQyyL/#/match-summary,2.35,1.10,63%,37%,15,10,7,6,7,0,"92%,(569/618)","86%,(317/369)",0,2,,,6,3,2,1,3,0,10,8,15,15,5,10,4,5
05.05.2024,00:00,Monza,Lazio,2:2,https://www.flashscore.co.uk/match/football/Uc71rv8n/#/match-summary,2.12,1.27,59%,41%,17,9,7,5,5,4,"90%,(504/560)","85%,(334/393)",1,7,,,6,3,4,1,1,1,11,6,6,8,8,13,3,5
29.09.2023,00:30,Monza,Bologna,0:0,https://www.flashscore.co.uk/match/football/n9Ui4WxS/#/match-summary,0.79,0.54,48%,52%,12,7,3,5,7,5,"85%,(393/460)","87%,(450/520)",5,3,0,1,5,0,4,2,2,2,14,11,9,13,9,13,5,3
30.12.2023,19:30,Atalanta,Lecce,1:0,https://www.flashscore.co.uk/match/football/zPTDT1OT/#/match-summary,0.97,1.17,62%,38%,17,15,4,2,5,6,"81%,(443/547)","72%,(231/321)",2,2,,,11,10,2,3,2,3,19,12,22,19,10,16,2,3
05.05.2024,21:00,Verona,Fiorentina,2:1,https://www.flashscore.co.uk/match/football/xMVkMmip/#/match-summary,1.90,0.89,38%,62%,9,13,4,4,1,2,"65%,(179/275)","73%,(336/460)",2,1,,,3,6,2,3,3,4,13,14,16,17,12,11,3,2
21.01.2024,03:45,Udinese,AC Milan,2:3,https://www.flashscore.co.uk/match/football/fRBWAjDQ/#/match-summary,0.48,2.70,30%,70%,11,15,6,7,5,7,"67%,(156/233)","85%,(464/546)",6,1,,,3,3,2,5,0,2,11,12,14,15,12,9,4,4
28.09.2023,00:30,Empoli,Salernitana,1:0,https://www.flashscore.co.uk/match/football/jNpkpBod/#/match-summary,2.59,0.50,40%,60%,13,14,6,2,10,2,"71%,(210/296)","76%,(347/456)",2,1,,,5,5,2,7,4,1,15,25,34,25,18,13,2,5
13.01.2024,22:00,Napoli,Salernitana,2:1,https://www.flashscore.co.uk/match/football/08STjVLf/#/match-summary,2.53,0.11,70%,30%,20,6,7,2,8,3,"90%,(647/719)","70%,(212/303)",3,2,,,9,2,4,2,0,0,9,15,18,18,15,10,1,5
27.04.2024,02:45,Frosinone,Salernitana,3:0,https://www.flashscore.co.uk/match/football/8AaFSUdJ/#/match-summary,1.88,0.95,43%,57%,11,17,4,2,7,3,"75%,(254/339)","81%,(381/470)",2,2,,,4,8,3,7,1,3,12,15,17,26,13,10,2,1
07.01.2024,22:00,Torino,Napoli,3:0,https://www.flashscore.co.uk/match/football/0nigvhxk/#/match-summary,1.94,1.02,50%,50%,10,10,6,3,2,5,"85%,(372/439)","83%,(373/449)",0,2,0,1,3,4,1,3,3,3,15,10,19,16,7,10,3,3
28.01.2024,03:45,AC Milan,Bologna,2:2,https://www.flashscore.co.uk/match/football/SdRqI7Kg/#/match-summary,3.34,2.14,50%,50%,14,15,4,4,4,1,"90%,(403/448)","85%,(396/466)",5,3,,,10,4,0,7,1,1,11,16,10,11,16,12,2,2
28.04.2024,18:30,Inter,Torino,2:0,https://www.flashscore.co.uk/match/football/zHi1jYlQ/#/match-summary,1.72,0.48,62%,38%,17,11,5,3,5,4,"91%,(615/676)","88%,(348/396)",,,0,1,9,2,3,6,2,0,6,8,8,6,6,8,3,3
17.02.2024,22:00,Napoli,Genoa,1:1,https://www.flashscore.co.uk/match/football/ImcNJuDe/#/match-summary,1.47,0.23,74%,26%,25,6,7,4,7,2,"90%,(619/688)","71%,(169/239)",3,2,,,13,1,5,1,0,4,16,9,22,10,9,13,3,6
28.09.2023,02:45,Napoli,Udinese,4:1,https://www.flashscore.co.uk/match/football/hj7Kajoq/#/match-summary,3.16,1.01,66%,34%,23,13,10,3,8,4,"89%,(515/576)","85%,(246/288)",1,1,,,9,7,4,3,0,0,9,12,20,11,11,10,2,6
14.01.2024,19:30,Lazio,Lecce,1:0,https://www.flashscore.co.uk/match/football/n1ngcXrR/#/match-summary,0.91,1.32,53%,47%,8,11,2,3,2,5,"83%,(429/517)","83%,(375/452)",4,4,,,4,6,2,2,0,0,10,12,16,23,14,12,3,1
29.08.2023,00:30,Salernitana,Udinese,1:1,https://www.flashscore.co.uk/match/football/dpkHsc80/#/match-summary,0.47,0.71,56%,44%,9,14,4,6,7,5,"79%,(338/428)","76%,(254/334)",4,4,,,4,4,1,4,1,1,20,14,14,13,12,19,5,3
21.04.2024,00:00,Empoli,Napoli,1:0,https://www.flashscore.co.uk/match/football/zcPFvyjE/#/match-summary,1.05,0.48,27%,73%,7,9,1,1,2,8,"71%,(168/237)","86%,(563/655)",2,2,,,5,1,1,7,0,1,17,15,15,33,14,12,1,0
06.01.2024,03:45,Bologna,Genoa,1:1,https://www.flashscore.co.uk/match/football/0YBKPhNe/#/match-summary,1.50,0.15,71%,29%,21,3,8,1,11,2,"88%,(584/664)","74%,(203/273)",3,3,,,4,2,9,0,2,0,10,10,23,18,8,10,0,7
05.05.2024,02:45,Sassuolo,Inter,1:0,https://www.flashscore.co.uk/match/football/lbEDuxh5/#/match-summary,0.27,0.94,24%,76%,6,14,2,1,2,5,"70%,(161/230)","91%,(657/722)",1,1,,,2,6,2,7,0,7,17,10,17,21,10,10,1,1
31.10.2023,03:45,Lazio,Fiorentina,1:0,https://www.flashscore.co.uk/match/football/KfnjvwKb/#/match-summary,1.84,0.42,47%,53%,11,9,4,5,0,4,"82%,(371/454)","85%,(439/516)",3,3,,,5,4,2,0,5,0,16,17,24,17,12,17,5,3
16.09.2023,21:00,Juventus,Lazio,3:1,https://www.flashscore.co.uk/match/football/4UKAiYyP/#/match-summary,2.38,0.67,36%,64%,17,16,7,5,7,9,"82%,(285/348)","91%,(563/619)",5,1,,,9,5,1,6,1,0,12,14,12,9,13,13,4,4
12.11.2023,01:00,Juventus,Cagliari,2:1,https://www.flashscore.co.uk/match/football/U7zB4ZX3/#/match-summary,3.02,0.54,49%,51%,18,11,4,2,12,4,"80%,(310/388)","81%,(336/415)",3,1,,,11,6,3,3,2,1,10,16,25,23,14,8,1,2
03.12.2023,19:30,Lecce,Bologna,1:1,https://www.flashscore.co.uk/match/football/KWaNUVo9/#/match-summary,1.34,0.93,43%,57%,14,11,4,4,6,3,"81%,(317/391)","86%,(473/550)",3,2,,,4,5,6,2,0,1,19,13,19,15,12,18,3,3
28.01.2024,19:30,Genoa,Lecce,2:1,https://www.flashscore.co.uk/match/football/Eko9O9sQ/#/match-summary,1.70,1.66,49%,51%,19,19,7,5,3,8,"79%,(289/366)","78%,(290/372)",0,2,,,8,7,4,7,1,0,15,12,19,18,12,17,4,5
05.05.2024,18:30,Cagliari,Lecce,1:1,https://www.flashscore.co.uk/match/football/fsjku8tP/#/match-summary,0.85,1.94,34%,66%,9,16,3,3,3,10,"63%,(139/221)","83%,(361/435)",4,4,1,0,2,9,4,4,1,1,16,10,13,19,9,15,2,2
03.02.2024,22:00,Empoli,Genoa,0:0,https://www.flashscore.co.uk/match/football/8jPCLtRo/#/match-summary,0.54,0.64,48%,52%,15,10,4,2,6,6,"79%,(310/392)","78%,(342/438)",2,3,0,1,4,4,7,4,2,2,11,14,31,12,11,12,2,4
06.01.2024,22:00,Frosinone,Monza,2:3,https://www.flashscore.co.uk/match/football/Gtf7mdF2/#/match-summary,1.13,1.32,59%,41%,10,7,5,2,5,1,"84%,(422/505)","70%,(249/356)",3,5,,,3,3,2,2,2,0,13,12,27,14,11,16,0,3
19.02.2024,01:00,Frosinone,AS Roma,0:3,https://www.flashscore.co.uk/match/football/4zYwS35F/#/match-summary,1.62,1.79,43%,57%,25,13,7,5,10,2,"81%,(302/373)","84%,(428/510)",0,3,,,11,4,7,4,0,1,18,8,13,11,10,16,2,7
22.10.2023,00:00,Torino,Inter,0:3,https://www.flashscore.co.uk/match/football/WzoFxQrf/#/match-summary,0.37,2.47,46%,54%,7,14,3,4,2,4,"84%,(319/380)","84%,(383/456)",1,2,,,2,6,2,4,1,0,8,12,18,16,13,8,1,3
17.02.2024,04:00,Inter,Salernitana,4:0,https://www.flashscore.co.uk/match/football/QkMnQszS/#/match-summary,3.61,0.03,73%,27%,26,1,10,0,18,0,"93%,(586/630)","76%,(190/250)",0,1,,,10,1,6,0,4,0,9,13,20,15,9,9,0,6
11.11.2023,01:30,Sassuolo,Salernitana,2:2,https://www.flashscore.co.uk/match/football/z9JgdBup/#/match-summary,3.22,0.91,64%,36%,29,9,9,2,11,0,"81%,(472/583)","74%,(257/349)",2,1,,,12,5,8,2,1,3,17,14,23,23,12,14,0,7
13.05.2024,00:00,Juventus,Salernitana,1:1,https://www.flashscore.co.uk/match/football/4YAlskT9/#/match-summary,1.89,0.55,67%,33%,25,13,6,4,9,4,"86%,(444/516)","71%,(184/259)",2,5,,,12,5,7,4,3,1,12,20,25,17,15,12,3,5
31.12.2023,01:00,Verona,Salernitana,0:1,https://www.flashscore.co.uk/match/football/6BCGQY7k/#/match-summary,0.63,0.62,48%,52%,11,9,0,3,7,6,"75%,(255/340)","73%,(273/374)",2,2,,,9,3,2,3,2,0,12,15,20,27,14,13,2,0
28.08.2023,02:45,Lazio,Genoa,0:1,https://www.flashscore.co.uk/match/football/4nAxkuGQ/#/match-summary,0.93,0.51,70%,30%,16,5,2,3,15,1,"87%,(628/722)","74%,(231/312)",4,2,,,10,1,4,1,0,0,16,8,29,13,9,16,2,2
12.05.2024,18:30,Lazio,Empoli,2:0,https://www.flashscore.co.uk/match/football/CbAht9rG/#/match-summary,1.62,1.11,60%,40%,11,16,5,3,7,7,"85%,(410/482)","77%,(233/303)",3,1,,,1,9,5,4,0,3,18,19,25,21,18,15,3,3
03.10.2023,00:30,Sassuolo,Monza,0:1,https://www.flashscore.co.uk/match/football/ppWcD9Fr/#/match-summary,1.51,1.62,43%,57%,19,13,7,4,7,4,"85%,(325/382)","89%,(447/502)",,,,,6,4,6,5,1,4,15,9,18,15,8,10,3,7
12.05.2024,21:00,Genoa,Sassuolo,2:1,https://www.flashscore.co.uk/match/football/QsCprVD3/#/match-summary,0.69,1.81,57%,43%,8,12,2,4,3,7,"84%,(418/498)","78%,(277/355)",1,2,,,3,5,3,3,3,0,9,14,21,15,13,10,3,1
29.04.2024,00:00,Napoli,AS Roma,2:2,https://www.flashscore.co.uk/match/football/SEWuqjs0/#/match-summary,3.80,1.75,49%,51%,27,10,9,4,9,2,"86%,(361/420)","86%,(393/457)",2,0,,,12,4,6,2,1,1,5,11,14,14,11,5,2,7
14.01.2024,03:45,Monza,Inter,1:5,https://www.flashscore.co.uk/match/football/IqwPiB6l/#/match-summary,0.93,4.04,57%,43%,9,20,2,7,4,5,"89%,(475/534)","85%,(332/391)",2,2,,,7,10,0,3,3,2,14,9,11,15,6,12,2,1
27.05.2024,02:45,Lazio,Sassuolo,1:1,https://www.flashscore.co.uk/match/football/6Le197C2/#/match-summary,1.06,1.02,69%,31%,8,8,6,3,5,3,"89%,(632/710)","78%,(241/309)",3,1,,,0,4,2,1,5,0,9,20,12,13,15,11,2,5
21.08.2023,02:45,Lecce,Lazio,2:1,https://www.flashscore.co.uk/match/football/80d4l8PF/#/match-summary,1.64,1.75,48%,52%,23,10,7,4,5,2,"85%,(389/456)","85%,(439/514)",3,2,,,8,3,8,3,2,1,17,14,19,12,12,16,3,5
01.04.2024,21:00,Cagliari,Verona,1:1,https://www.flashscore.co.uk/match/football/hM5FFTGo/#/match-summary,0.62,1.23,51%,49%,11,8,2,5,7,2,"71%,(252/355)","68%,(245/360)",0,2,,,3,2,6,1,2,3,21,14,28,22,11,16,4,1
03.02.2024,03:45,Lecce,Fiorentina,3:2,https://www.flashscore.co.uk/match/football/f7ROIvB4/#/match-summary,2.57,0.96,44%,56%,16,10,8,3,1,3,"73%,(232/318)","76%,(314/412)",3,3,,,5,6,3,1,4,1,7,13,22,26,13,14,1,5
07.10.2023,02:45,Lecce,Sassuolo,1:1,https://www.flashscore.co.uk/match/football/EPJAA7a1/#/match-summary,1.48,1.68,42%,58%,13,14,4,1,5,3,"74%,(247/334)","83%,(387/466)",2,3,,,8,8,1,5,2,0,14,9,23,27,9,15,0,3
13.04.2024,21:00,Lecce,Empoli,1:0,https://www.flashscore.co.uk/match/football/Q7uDKFbr/#/match-summary,2.86,0.12,54%,46%,14,3,7,0,10,3,"77%,(270/352)","73%,(226/308)",1,0,,,3,2,4,1,2,4,19,20,22,19,18,15,0,6
03.12.2023,03:45,AC Milan,Frosinone,3:1,https://www.flashscore.co.uk/match/football/x8fSTk1F/#/match-summary,0.94,0.73,48%,52%,10,15,3,3,6,7,"86%,(350/407)","85%,(393/462)",1,1,,,4,6,3,6,1,0,6,11,17,21,11,6,2,0
06.02.2024,03:45,AS Roma,Cagliari,4:0,https://www.flashscore.co.uk/match/football/jZKXGIuH/#/match-summary,3.05,0.51,53%,47%,20,12,6,3,7,5,"88%,(418/475)","87%,(358/411)",1,1,,,7,6,7,3,5,0,12,13,8,13,8,12,3,2
25.02.2024,19:30,Juventus,Frosinone,3:2,https://www.flashscore.co.uk/match/football/KCsMvskL/#/match-summary,2.19,0.48,62%,38%,22,6,5,2,8,3,"89%,(541/608)","85%,(315/371)",2,2,,,12,3,5,1,3,1,7,15,22,10,12,6,0,2
27.09.2023,02:45,Juventus,Lecce,1:0,https://www.flashscore.co.uk/match/football/vqRq6h8F/#/match-summary,1.49,0.07,51%,49%,14,2,5,0,5,1,"84%,(379/451)","84%,(372/443)",2,5,0,1,5,2,4,0,0,1,16,14,20,25,14,15,0,4
14.04.2024,02:45,Bologna,Monza,0:0,https://www.flashscore.co.uk/match/football/Y90YRc68/#/match-summary,1.77,0.34,62%,38%,17,4,7,0,10,0,"89%,(473/533)","82%,(275/334)",4,4,,,6,3,4,1,1,0,19,14,20,15,13,19,0,7
16.12.2023,03:45,Genoa,Juventus,1:1,https://www.flashscore.co.uk/match/football/dvlAN8et/#/match-summary,1.00,1.83,47%,53%,11,11,3,4,6,8,"76%,(243/320)","83%,(341/411)",2,3,,,7,4,1,3,0,3,16,14,14,23,14,12,3,2
13.04.2024,02:45,Lazio,Salernitana,4:1,https://www.flashscore.co.uk/match/football/8ShoPejR/#/match-summary,1.83,0.50,65%,35%,17,8,6,5,9,0,"89%,(571/639)","77%,(266/345)",0,1,,,6,0,5,3,3,0,10,18,17,17,15,10,4,2
11.11.2023,03:45,Genoa,Verona,1:0,https://www.flashscore.co.uk/match/football/z9s26e3i/#/match-summary,1.49,0.23,49%,51%,16,7,6,1,6,7,"76%,(279/367)","77%,(287/373)",1,4,,,6,3,4,3,2,1,17,11,26,21,9,16,1,5
19.09.2023,00:30,Salernitana,Torino,0:3,https://www.flashscore.co.uk/match/football/G8pPAexm/#/match-summary,0.49,1.61,56%,44%,14,11,4,3,1,2,"80%,(407/506)","80%,(321/401)",2,2,,,8,3,2,5,2,2,18,14,23,11,12,16,0,4
07.04.2024,00:00,AS Roma,Lazio,1:0,https://www.flashscore.co.uk/match/football/IsGZ6dUr/#/match-summary,0.41,0.48,46%,54%,15,11,3,1,3,6,"80%,(320/400)","84%,(386/461)",5,3,,,7,6,5,4,1,1,15,14,18,24,14,15,1,2
29.09.2023,00:30,Frosinone,Fiorentina,1:1,https://www.flashscore.co.uk/match/football/4QYW8fOd/#/match-summary,0.63,1.13,52%,48%,11,19,3,6,8,10,"78%,(337/434)","80%,(322/401)",3,3,,,3,6,5,7,2,5,16,8,23,21,6,11,5,2
24.10.2023,00:30,Udinese,Lecce,1:1,https://www.flashscore.co.uk/match/football/QcpJypb0/#/match-summary,2.20,0.79,44%,56%,12,12,6,1,2,7,"73%,(231/316)","79%,(307/389)",3,5,,,3,8,3,3,2,2,19,13,33,21,11,15,0,5
18.09.2023,02:45,AS Roma,Empoli,7:0,https://www.flashscore.co.uk/match/football/YqeKByNt/#/match-summary,2.11,0.34,53%,47%,14,8,9,2,2,6,"89%,(508/571)","89%,(427/480)",2,2,,,2,4,3,2,2,2,7,16,17,12,15,5,2,2
23.09.2023,02:45,Lecce,Genoa,1:0,https://www.flashscore.co.uk/match/football/v5047smh/#/match-summary,0.89,0.50,56%,44%,18,8,3,1,4,3,"85%,(371/434)","78%,(270/346)",1,3,0,1,10,5,5,2,1,0,10,13,24,27,12,10,1,2
03.03.2024,03:45,Torino,Fiorentina,0:0,https://www.flashscore.co.uk/match/football/4xaXXVX5/#/match-summary,0.72,0.65,35%,65%,8,14,2,3,4,5,"73%,(182/249)","84%,(397/472)",2,4,1,0,5,7,1,4,1,0,13,14,9,17,13,13,3,2
30.12.2023,03:45,Lazio,Frosinone,3:1,https://www.flashscore.co.uk/match/football/Qgdzo3g4/#/match-summary,1.62,1.01,55%,45%,13,11,5,2,6,2,"82%,(375/457)","78%,(297/381)",3,2,,,5,5,3,4,2,0,16,18,26,24,18,15,1,2
17.12.2023,22:00,Udinese,Sassuolo,2:2,https://www.flashscore.co.uk/match/football/WWARH4PH/#/match-summary,0.68,2.66,33%,67%,9,21,7,7,1,13,"70%,(176/251)","83%,(395/476)",3,1,1,0,1,6,1,8,1,0,7,12,12,37,13,6,5,5
24.09.2023,00:00,Sassuolo,Juventus,4:2,https://www.flashscore.co.uk/match/football/ENhH4uXA/#/match-summary,0.95,1.06,43%,57%,18,15,7,2,6,3,"79%,(279/353)","84%,(402/477)",4,2,,,7,10,4,3,0,2,10,12,25,24,13,8,1,3
29.10.2023,19:30,Cagliari,Frosinone,4:3,https://www.flashscore.co.uk/match/football/MPwSZNSC/#/match-summary,3.33,1.39,47%,53%,24,10,6,6,5,7,"76%,(305/400)","82%,(391/477)",1,4,,,9,3,9,1,1,3,9,9,19,19,8,7,3,2
17.03.2024,22:00,Verona,AC Milan,1:3,https://www.flashscore.co.uk/match/football/xAV5eQVT/#/match-summary,0.59,2.60,45%,55%,15,18,4,6,3,5,"81%,(288/356)","87%,(395/454)",1,3,,,8,9,3,3,1,2,9,11,14,12,9,8,3,3
11.02.2024,01:00,AS Roma,Inter,2:4,https://www.flashscore.co.uk/match/football/2g67TePM/#/match-summary,0.82,0.94,46%,54%,8,10,3,6,3,8,"86%,(410/477)","89%,(485/545)",2,0,,,4,2,1,2,0,0,13,11,19,20,9,14,2,1
04.02.2024,22:00,Napoli,Verona,2:1,https://www.flashscore.co.uk/match/football/xWGTHbQA/#/match-summary,1.48,0.99,69%,31%,19,12,8,2,9,2,"86%,(517/601)","72%,(186/258)",3,2,,,9,10,2,0,2,2,16,12,24,13,11,14,1,6
30.03.2024,22:00,Genoa,Frosinone,1:1,https://www.flashscore.co.uk/match/football/YVDND7ob/#/match-summary,1.61,1.11,48%,52%,9,15,3,3,3,8,"74%,(292/395)","76%,(323/425)",2,1,,,4,7,2,5,1,1,10,17,17,23,16,11,2,2
25.09.2023,00:00,Bologna,Napoli,0:0,https://www.flashscore.co.uk/match/football/4lqh4BLU/#/match-summary,,,49%,51%,4,12,2,4,5,5,"89%,(396/445)","87%,(400/460)",4,5,,,1,6,1,2,2,2,14,17,22,23,16,12,4,2
13.11.2023,01:00,Lazio,AS Roma,0:0,https://www.flashscore.co.uk/match/football/8bZE3gmA/#/match-summary,0.58,0.39,49%,51%,7,8,2,1,4,1,"87%,(429/494)","86%,(438/508)",3,4,,,3,5,2,2,0,2,12,12,7,16,12,13,1,2
04.11.2023,22:00,Salernitana,Napoli,0:2,https://www.flashscore.co.uk/match/football/U7EukfYG/#/match-summary,0.31,1.47,41%,59%,10,21,3,8,8,9,"77%,(281/365)","85%,(461/542)",1,1,,,2,7,5,6,3,5,13,13,12,14,15,10,6,3
12.03.2024,03:45,Lazio,Udinese,1:2,https://www.flashscore.co.uk/match/football/IuP6nVna/#/match-summary,2.28,1.30,69%,31%,18,14,6,5,9,5,"85%,(481/566)","73%,(186/255)",3,6,0,1,10,6,2,3,0,1,12,9,28,20,9,15,3,5
09.10.2023,02:45,Napoli,Fiorentina,1:3,https://www.flashscore.co.uk/match/football/tWBdYAi8/#/match-summary,1.55,1.46,54%,46%,16,12,4,3,6,4,"87%,(483/553)","85%,(404/478)",2,4,,,6,5,6,4,2,3,17,6,19,23,4,14,0,3
05.03.2024,03:45,Inter,Genoa,2:1,https://www.flashscore.co.uk/match/football/QBVOyEYt/#/match-summary,1.68,0.94,62%,38%,16,10,5,2,4,5,"90%,(555/617)","83%,(307/370)",2,3,,,5,4,6,4,1,2,19,6,17,7,5,17,1,3
04.02.2024,03:45,Bologna,Sassuolo,4:2,https://www.flashscore.co.uk/match/football/6ooUdclo/#/match-summary,1.07,0.50,71%,29%,19,12,4,4,7,4,"86%,(594/691)","66%,(186/282)",1,3,,,5,4,10,4,1,0,10,12,33,18,12,10,2,0
23.12.2023,01:30,Empoli,Lazio,0:2,https://www.flashscore.co.uk/match/football/ImZ8Us9N/#/match-summary,0.74,2.36,54%,46%,21,14,7,7,8,9,"80%,(338/423)","80%,(288/360)",3,2,,,6,1,8,6,1,3,20,7,23,21,6,17,5,7
23.12.2023,22:00,Bologna,Atalanta,1:0,https://www.flashscore.co.uk/match/football/vcz5VNgH/#/match-summary,0.67,1.35,60%,40%,9,12,1,2,2,3,"82%,(506/617)","78%,(307/394)",2,4,,,7,8,1,2,0,1,17,9,27,19,10,14,2,0
08.10.2023,21:00,Lazio,Atalanta,3:2,https://www.flashscore.co.uk/match/football/hUcmOQT0/#/match-summary,1.80,0.98,46%,54%,12,12,4,4,4,6,"84%,(387/459)","87%,(461/532)",1,1,,,4,6,4,2,3,2,14,9,18,16,7,10,2,1
29.01.2024,01:00,Lazio,Napoli,0:0,https://www.flashscore.co.uk/match/football/YZRuJm5m/#/match-summary,0.46,0.13,39%,61%,10,5,1,0,4,3,"86%,(354/412)","90%,(591/657)",3,2,,,6,2,3,3,3,0,11,14,17,21,11,11,0,1
30.09.2023,21:00,Lecce,Napoli,0:4,https://www.flashscore.co.uk/match/football/hniJKiN8/#/match-summary,0.32,1.25,44%,56%,9,15,4,6,3,7,"84%,(329/392)","85%,(431/507)",3,2,,,4,5,1,4,3,1,9,11,15,20,11,11,2,4
23.09.2023,00:30,Salernitana,Frosinone,1:1,https://www.flashscore.co.uk/match/football/0KlD5LH4/#/match-summary,1.05,0.70,49%,51%,19,9,6,3,8,6,"80%,(306/382)","77%,(309/399)",2,2,,,8,4,5,2,4,3,15,16,22,21,12,12,2,5
26.05.2024,00:00,Juventus,Monza,2:0,https://www.flashscore.co.uk/match/football/hI7JpOZ1/#/match-summary,0.98,0.65,42%,58%,12,12,4,4,3,4,"86%,(323/376)","89%,(451/508)",1,3,0,1,5,1,3,7,0,1,16,16,20,12,15,13,4,2
20.08.2023,02:45,Inter,Monza,2:0,https://www.flashscore.co.uk/match/football/dQh0klA9/#/match-summary,2.88,0.54,48%,52%,22,12,3,2,8,3,"90%,(426/473)","90%,(473/525)",1,1,,,12,6,7,4,1,1,13,8,9,14,8,13,2,1
17.12.2023,22:00,Fiorentina,Verona,1:0,https://www.flashscore.co.uk/match/football/fV1rSlmP/#/match-summary,0.53,2.60,66%,34%,5,19,3,7,1,6,"78%,(366/469)","59%,(140/237)",3,1,,,1,7,1,5,3,5,18,12,26,20,12,12,7,2
16.04.2024,02:45,Atalanta,Verona,2:2,https://www.flashscore.co.uk/match/football/K6Cj3ET7/#/match-summary,1.52,1.47,59%,41%,16,13,9,5,5,4,"78%,(390/500)","68%,(231/340)",0,2,,,5,5,2,3,2,2,11,8,31,28,6,10,3,7
25.09.2023,02:45,Torino,AS Roma,1:1,https://www.flashscore.co.uk/match/football/8phL3anH/#/match-summary,0.37,0.23,42%,58%,13,11,4,3,7,1,"77%,(294/383)","81%,(451/556)",0,2,,,7,6,2,2,1,0,5,5,13,30,4,5,2,3
27.08.2023,00:30,Frosinone,Atalanta,2:1,https://www.flashscore.co.uk/match/football/ppfyi1oE/#/match-summary,0.70,1.43,37%,63%,13,18,5,6,3,7,"73%,(269/369)","84%,(518/617)",1,2,,,4,8,4,4,1,1,11,10,21,25,10,10,5,3
28.10.2023,02:45,Genoa,Salernitana,1:0,https://www.flashscore.co.uk/match/football/n5fwsuzt/#/match-summary,0.51,0.68,52%,48%,8,7,4,2,7,0,"77%,(321/415)","77%,(305/394)",3,4,,,3,3,1,2,2,4,20,14,21,26,11,19,2,3
10.12.2023,22:00,Monza,Genoa,1:0,https://www.flashscore.co.uk/match/football/0CIu8Teg/#/match-summary,0.40,1.42,51%,49%,6,16,3,1,2,3,"84%,(374/445)","79%,(331/419)",1,2,,,1,10,2,5,2,0,13,13,15,23,11,13,1,2
28.04.2024,02:45,Lazio,Verona,1:0,https://www.flashscore.co.uk/match/football/f1YXpCCm/#/match-summary,0.95,0.39,69%,31%,17,7,5,1,4,2,"84%,(451/537)","62%,(143/231)",4,4,,,9,5,3,1,7,0,19,20,27,28,13,18,1,4
03.09.2023,00:30,Bologna,Cagliari,2:1,https://www.flashscore.co.uk/match/football/r1iTvehJ/#/match-summary,1.23,0.30,72%,28%,16,7,7,1,5,2,"89%,(645/725)","78%,(211/271)",1,2,,,6,5,3,1,1,1,13,10,23,20,9,13,0,5
16.03.2024,03:45,Empoli,Bologna,0:1,https://www.flashscore.co.uk/match/football/QonY2jXu/#/match-summary,0.72,2.42,29%,71%,10,20,1,9,7,6,"74%,(184/249)","90%,(612/680)",4,1,,,6,4,3,7,2,0,12,19,9,22,19,12,8,1
28.09.2023,02:45,Inter,Sassuolo,1:2,https://www.flashscore.co.uk/match/football/0hSu7Yh9/#/match-summary,0.65,0.88,63%,37%,13,13,3,6,8,6,"85%,(493/578)","80%,(276/346)",0,1,,,6,5,4,2,3,4,13,13,29,9,10,8,4,2
21.05.2024,02:45,Bologna,Juventus,3:3,https://www.flashscore.co.uk/match/football/rmlyYpjd/#/match-summary,1.46,0.71,62%,38%,10,11,5,4,3,2,"89%,(515/579)","86%,(299/348)",1,5,,,1,2,4,5,3,1,23,13,16,13,8,21,1,2
25.11.2023,22:00,Salernitana,Lazio,2:1,https://www.flashscore.co.uk/match/football/8x6P9U9q/#/match-summary,1.55,1.76,38%,62%,13,13,6,2,4,9,"74%,(234/316)","85%,(445/525)",5,3,,,5,6,2,5,2,0,14,13,13,29,11,12,1,4
07.10.2023,21:00,Inter,Bologna,2:2,https://www.flashscore.co.uk/match/football/WE9vQnal/#/match-summary,0.69,1.37,62%,38%,14,8,5,3,7,7,"87%,(522/600)","78%,(278/358)",2,3,,,4,3,5,2,2,1,9,12,25,14,11,9,1,3
14.05.2024,00:30,Lecce,Udinese,0:2,https://www.flashscore.co.uk/match/football/jk9duTcM/#/match-summary,0.35,1.73,65%,35%,9,16,2,3,8,2,"82%,(435/530)","75%,(215/287)",2,1,,,3,10,4,3,1,0,12,13,25,17,12,11,1,2
27.08.2023,02:45,Verona,AS Roma,2:1,https://www.flashscore.co.uk/match/football/zylLtHN6/#/match-summary,0.74,1.49,28%,72%,5,23,3,7,1,12,"65%,(133/204)","87%,(435/500)",1,3,1,0,1,12,1,4,0,3,15,18,16,22,17,12,6,1
28.11.2023,01:30,Verona,Lecce,2:2,https://www.flashscore.co.uk/match/football/nT4T8lPk/#/match-summary,1.85,1.17,49%,51%,19,14,11,5,4,2,"70%,(251/359)","76%,(291/383)",1,2,,,7,5,1,4,0,1,18,14,26,21,15,17,3,9
09.03.2024,22:00,Sassuolo,Frosinone,1:0,https://www.flashscore.co.uk/match/football/nLGNrmnO/#/match-summary,0.65,0.31,39%,61%,10,11,4,1,1,2,"73%,(249/341)","82%,(433/528)",3,1,,,2,7,4,3,0,1,11,13,26,17,14,9,1,3
14.01.2024,22:00,Cagliari,Bologna,2:1,https://www.flashscore.co.uk/match/football/z5q6yjM7/#/match-summary,0.61,0.82,39%,61%,4,11,2,4,2,5,"75%,(270/360)","90%,(555/617)",3,2,,,1,7,1,0,1,3,11,13,18,23,12,8,3,1
23.04.2024,02:45,AC Milan,Inter,1:2,https://www.flashscore.co.uk/match/football/rNSNxFKQ/#/match-summary,2.50,2.03,52%,48%,15,11,6,3,5,3,"87%,(445/511)","86%,(409/476)",3,2,2,1,6,6,3,2,1,5,15,19,12,6,19,10,1,5
03.09.2023,02:45,Napoli,Lazio,1:2,https://www.flashscore.co.uk/match/football/vNZpcx8m/#/match-summary,1.10,0.60,61%,39%,22,6,4,2,7,2,"87%,(520/598)","82%,(317/387)",0,2,,,8,3,10,1,4,3,11,11,19,7,8,9,0,3
16.04.2024,00:30,Fiorentina,Genoa,1:1,https://www.flashscore.co.uk/match/football/C0axRHLE/#/match-summary,1.82,1.58,59%,41%,20,7,3,3,6,2,"86%,(373/434)","76%,(236/311)",1,2,,,10,3,7,1,1,2,21,8,21,20,8,19,2,2
03.12.2023,22:00,Udinese,Verona,3:3,https://www.flashscore.co.uk/match/football/rD9C8uV6/#/match-summary,1.94,1.29,39%,61%,12,13,6,4,5,3,"70%,(182/260)","74%,(297/401)",2,5,,,5,5,1,4,3,1,13,18,19,25,16,13,1,3
06.05.2024,00:00,AC Milan,Genoa,3:3,https://www.flashscore.co.uk/match/football/0O2cqKht/#/match-summary,2.52,0.95,60%,40%,26,6,7,2,7,1,"88%,(462/525)","79%,(287/363)",1,1,,,12,2,7,2,2,1,12,11,9,13,8,10,0,4
26.11.2023,22:00,Frosinone,Genoa,2:1,https://www.flashscore.co.uk/match/football/tSLpHCH9/#/match-summary,0.67,1.13,58%,42%,9,13,5,3,4,2,"84%,(477/568)","80%,(329/411)",2,3,,,1,10,3,0,1,0,14,7,25,18,5,14,2,3
27.08.2023,02:45,AC Milan,Torino,4:1,https://www.flashscore.co.uk/match/football/6ed4paOs/#/match-summary,3.38,0.46,59%,41%,17,8,7,1,2,1,"86%,(428/495)","81%,(272/336)",2,3,,,8,6,2,1,1,2,16,16,12,9,13,16,0,3
03.03.2024,01:00,Monza,AS Roma,1:4,https://www.flashscore.co.uk/match/football/WO0PZi3g/#/match-summary,0.70,1.87,49%,51%,16,12,5,6,6,3,"91%,(391/430)","89%,(397/446)",1,4,,,8,3,3,3,0,1,15,9,5,6,11,18,2,4
19.05.2024,21:00,Monza,Frosinone,0:1,https://www.flashscore.co.uk/match/football/4hZVgSCF/#/match-summary,0.86,1.79,71%,29%,14,16,2,5,3,4,"86%,(517/601)","74%,(178/240)",1,2,,,7,6,5,5,0,0,13,15,21,16,14,13,4,2
23.04.2024,00:30,AS Roma,Bologna,1:3,https://www.flashscore.co.uk/match/football/279fXhrl/#/match-summary,2.00,1.07,53%,47%,14,11,5,3,8,2,"88%,(450/511)","85%,(400/471)",5,2,,,6,5,3,3,0,1,13,9,22,21,8,12,0,4
30.10.2023,03:45,Napoli,AC Milan,2:2,https://www.flashscore.co.uk/match/football/Aqu3yy4H/#/match-summary,1.78,1.95,48%,52%,17,20,4,6,6,4,"85%,(367/432)","85%,(404/474)",4,3,1,0,8,7,5,7,0,0,10,14,18,18,14,10,4,2
04.02.2024,01:00,Frosinone,AC Milan,2:3,https://www.flashscore.co.uk/match/football/nsOGK0th/#/match-summary,0.93,1.56,42%,58%,7,13,4,5,2,4,"78%,(294/377)","84%,(425/506)",1,3,,,2,3,1,5,0,1,15,9,19,35,10,13,2,2
25.05.2024,02:45,Genoa,Bologna,2:0,https://www.flashscore.co.uk/match/football/Cd9lbs41/#/match-summary,1.34,0.85,27%,73%,14,11,3,1,3,6,"75%,(158/211)","90%,(535/593)",1,2,,,9,5,2,5,2,3,14,13,14,20,11,11,1,1
23.02.2024,03:45,Torino,Lazio,0:2,https://www.flashscore.co.uk/match/football/04CSBWcK/#/match-summary,1.53,0.48,55%,45%,24,7,4,4,7,4,"86%,(436/505)","80%,(346/433)",3,2,0,1,12,1,8,2,1,0,7,12,21,14,11,7,2,4
24.09.2023,21:00,Atalanta,Cagliari,2:0,https://www.flashscore.co.uk/match/football/hEul5i6O/#/match-summary,1.43,0.66,56%,44%,10,11,6,1,7,7,"82%,(431/526)","76%,(307/403)",1,2,,,2,7,2,3,5,1,10,10,18,25,6,11,1,4
12.11.2023,22:00,Udinese,Atalanta,1:1,https://www.flashscore.co.uk/match/football/rFfGrhBp/#/match-summary,1.50,0.69,34%,66%,13,8,4,2,7,7,"73%,(210/287)","86%,(476/554)",2,3,,,4,4,5,2,2,2,15,15,20,24,13,13,1,3
31.12.2023,01:00,AC Milan,Sassuolo,1:0,https://www.flashscore.co.uk/match/football/YJevpN8A/#/match-summary,1.84,0.50,59%,41%,20,12,2,6,6,5,"88%,(450/511)","80%,(286/358)",0,1,,,11,3,7,3,6,0,7,14,15,20,8,7,6,1
05.02.2024,03:45,Inter,Juventus,1:0,https://www.flashscore.co.uk/match/football/GGSKJKeb/#/match-summary,1.90,0.69,54%,46%,15,12,3,1,6,4,"89%,(495/556)","88%,(436/495)",2,3,,,7,4,5,7,0,0,8,8,17,13,8,8,1,2
28.01.2024,22:00,Monza,Sassuolo,1:0,https://www.flashscore.co.uk/match/football/6mQmHRZa/#/match-summary,0.36,0.70,61%,39%,12,14,1,3,4,5,"84%,(450/536)","83%,(270/325)",1,3,,,5,6,6,5,2,0,14,9,16,19,8,13,3,0
23.12.2023,19:30,Frosinone,Juventus,1:2,https://www.flashscore.co.uk/match/football/QgAVGOvO/#/match-summary,0.45,0.95,57%,43%,10,13,3,3,8,8,"84%,(388/462)","79%,(271/343)",0,2,,,4,7,3,3,1,5,17,8,24,23,6,12,1,2
03.09.2023,00:30,Udinese,Frosinone,0:0,https://www.flashscore.co.uk/match/football/rFW1gf7C/#/match-summary,1.86,1.51,47%,53%,12,12,6,2,3,5,"76%,(264/347)","79%,(312/395)",2,2,,,4,6,2,4,0,2,12,14,26,21,14,9,2,6
28.04.2024,21:00,Bologna,Udinese,1:1,https://www.flashscore.co.uk/match/football/nHnssUBC/#/match-summary,0.77,0.54,65%,35%,15,11,4,4,10,3,"91%,(543/597)","83%,(288/347)",3,7,1,0,4,4,7,3,1,1,22,12,20,16,11,21,3,3
21.05.2024,00:30,Salernitana,Verona,1:2,https://www.flashscore.co.uk/match/football/Q7Nvh6sS/#/match-summary,,,54%,46%,9,17,1,5,4,6,"76%,(312/413)","70%,(246/351)",3,2,,,5,5,3,7,2,2,22,15,24,21,14,19,3,0
17.03.2024,03:45,Frosinone,Lazio,2:3,https://www.flashscore.co.uk/match/football/4xox2Ann/#/match-summary,2.04,3.26,43%,57%,14,22,5,7,9,4,"77%,(308/400)","81%,(454/560)",1,3,,,7,7,2,8,2,4,19,12,23,20,10,15,4,3
29.10.2023,02:45,Juventus,Verona,1:0,https://www.flashscore.co.uk/match/football/8KrnuJ4h/#/match-summary,0.72,0.20,55%,45%,30,7,6,1,5,1,"87%,(440/506)","83%,(352/424)",3,2,,,17,6,7,0,1,1,9,13,15,18,13,8,1,5
25.02.2024,03:45,Genoa,Udinese,2:0,https://www.flashscore.co.uk/match/football/tMrIuNZE/#/match-summary,1.47,0.27,65%,35%,19,5,4,1,8,3,"89%,(535/600)","77%,(244/317)",1,4,0,1,8,0,7,4,1,2,20,10,13,10,9,17,1,2
08.10.2023,21:00,Frosinone,Verona,2:1,https://www.flashscore.co.uk/match/football/Gl49V8yR/#/match-summary,1.24,0.77,53%,47%,11,16,2,4,2,4,"78%,(338/431)","75%,(281/374)",1,4,,,8,9,1,3,0,1,13,9,20,25,9,12,3,0
18.05.2024,02:45,Fiorentina,Napoli,2:2,https://www.flashscore.co.uk/match/football/K4XJdUSd/#/match-summary,0.58,1.03,63%,37%,14,15,5,3,5,3,"83%,(399/481)","74%,(206/278)",1,2,,,5,11,4,1,1,0,8,9,14,12,16,14,1,3
11.02.2024,19:30,Fiorentina,Frosinone,5:1,https://www.flashscore.co.uk/match/football/KAAnYJAi/#/match-summary,1.94,1.17,54%,46%,18,11,7,3,2,5,"77%,(318/413)","73%,(254/348)",3,1,,,8,3,3,5,0,1,9,16,29,25,16,8,2,2
01.10.2023,02:45,Salernitana,Inter,0:4,https://www.flashscore.co.uk/match/football/rypWHk7R/#/match-summary,0.64,2.36,36%,64%,12,16,3,6,3,3,"76%,(246/324)","87%,(509/585)",2,1,,,4,4,5,6,2,1,11,13,14,19,12,10,2,3
18.02.2024,03:45,Atalanta,Sassuolo,3:0,https://www.flashscore.co.uk/match/football/dAUVTPz3/#/match-summary,3.52,1.86,57%,43%,27,12,13,4,11,5,"83%,(453/546)","80%,(334/418)",,,,,9,5,5,3,1,0,9,10,19,28,10,9,4,10
04.12.2023,03:45,Napoli,Inter,0:3,https://www.flashscore.co.uk/match/football/8fHaBsol/#/match-summary,1.14,3.16,57%,43%,15,11,4,4,6,4,"88%,(473/538)","82%,(324/395)",2,2,,,6,5,5,2,3,4,17,5,22,13,2,13,1,4
11.02.2024,22:00,Bologna,Lecce,4:0,https://www.flashscore.co.uk/match/football/SGN0AGIp/#/match-summary,1.49,1.05,65%,35%,16,14,6,3,4,3,"86%,(542/630)","76%,(254/334)",1,2,,,9,8,1,3,0,0,12,6,22,17,10,13,3,2
01.04.2024,21:00,Sassuolo,Udinese,1:1,https://www.flashscore.co.uk/match/football/GE9r9q0T/#/match-summary,1.43,1.60,60%,40%,14,12,5,3,10,1,"84%,(396/471)","79%,(256/324)",1,2,,,7,6,2,3,0,2,14,7,21,13,7,10,2,4
23.10.2023,00:00,Atalanta,Genoa,2:0,https://www.flashscore.co.uk/match/football/M32iNpq7/#/match-summary,1.29,0.58,57%,43%,13,15,8,4,8,4,"83%,(460/553)","76%,(312/409)",4,2,,,1,9,4,2,1,1,10,17,13,27,17,9,4,6
09.12.2023,03:45,Juventus,Napoli,1:0,https://www.flashscore.co.uk/match/football/ryOz99tm/#/match-summary,1.26,1.41,34%,66%,11,13,2,1,3,6,"71%,(205/289)","88%,(511/581)",2,4,,,6,9,3,3,2,2,13,13,21,29,11,12,1,1
27.11.2023,01:00,AS Roma,Udinese,3:1,https://www.flashscore.co.uk/match/football/GpEcEA1S/#/match-summary,0.30,0.23,64%,36%,12,6,5,2,7,1,"88%,(494/560)","84%,(261/312)",1,3,,,6,4,1,0,3,1,15,11,17,11,8,15,1,2
31.03.2024,01:00,Lazio,Juventus,1:0,https://www.flashscore.co.uk/match/football/tdHVBoGA/#/match-summary,1.02,0.58,65%,35%,16,9,4,3,7,2,"89%,(572/646)","77%,(272/352)",1,2,,,8,3,4,3,1,0,10,13,20,15,12,10,3,3
21.08.2023,00:30,Sassuolo,Atalanta,0:2,https://www.flashscore.co.uk/match/football/Sl9xWa9l/#/match-summary,0.54,1.15,49%,51%,11,16,3,6,7,7,"87%,(425/489)","86%,(415/483)",,,,,4,8,4,2,0,2,16,9,13,17,9,13,4,3
07.01.2024,01:00,Lecce,Cagliari,1:1,https://www.flashscore.co.uk/match/football/lfhFozpF/#/match-summary,1.51,0.84,41%,59%,15,14,2,2,7,6,"70%,(186/266)","76%,(299/393)",1,1,,,9,7,4,5,6,0,14,26,23,21,20,14,1,1
21.04.2024,02:45,Verona,Udinese,1:0,https://www.flashscore.co.uk/match/football/UJ0BTAsD/#/match-summary,0.82,1.81,53%,47%,16,18,4,1,10,6,"69%,(228/330)","73%,(223/305)",2,2,,,8,8,4,9,0,5,17,19,35,23,18,12,1,3
28.09.2023,00:30,Cagliari,AC Milan,1:3,https://www.flashscore.co.uk/match/football/CWoooiWk/#/match-summary,0.80,2.17,33%,67%,16,17,6,6,3,5,"83%,(254/307)","93%,(587/631)",3,1,,,4,7,6,4,0,1,7,11,14,10,13,6,3,5
11.02.2024,03:45,Sassuolo,Torino,1:1,https://www.flashscore.co.uk/match/football/6L1wOZnp/#/match-summary,0.44,1.07,41%,59%,11,13,4,2,5,4,"77%,(272/353)","84%,(425/506)",1,3,,,5,5,2,6,0,4,16,12,25,17,12,11,1,3
20.08.2023,00:30,Empoli,Verona,0:1,https://www.flashscore.co.uk/match/football/neB9SQ2d/#/match-summary,0.76,0.33,47%,53%,10,10,4,4,2,4,"63%,(198/314)","70%,(248/352)",2,2,,,5,5,1,1,2,3,19,23,35,23,17,18,3,4
19.05.2024,02:45,Torino,AC Milan,3:1,https://www.flashscore.co.uk/match/football/djEAnp5k/#/match-summary,0.95,1.88,40%,60%,11,16,5,4,3,8,"79%,(227/289)","86%,(375/437)",1,1,,,5,7,1,5,2,0,15,15,13,13,15,14,3,2
30.03.2024,19:30,Napoli,Atalanta,0:3,https://www.flashscore.co.uk/match/football/2B5vAPpN/#/match-summary,2.05,0.76,61%,39%,20,12,6,6,7,5,"86%,(519/604)","82%,(314/383)",2,2,,,8,4,6,2,3,2,15,9,34,20,6,13,3,6
18.02.2024,22:00,Udinese,Cagliari,1:1,https://www.flashscore.co.uk/match/football/vZaoMDHd/#/match-summary,1.15,0.34,52%,48%,17,5,3,2,3,4,"84%,(365/435)","80%,(321/401)",3,2,,,7,3,7,0,3,0,10,17,27,28,14,10,1,2
30.01.2024,03:45,Salernitana,AS Roma,1:2,https://www.flashscore.co.uk/match/football/OOKhGok6/#/match-summary,1.01,1.34,38%,62%,15,5,7,2,5,1,"83%,(302/364)","88%,(542/616)",2,3,,,4,1,4,2,3,4,14,12,14,10,12,12,0,6
13.11.2023,03:45,Inter,Frosinone,2:0,https://www.flashscore.co.uk/match/football/nqo65FIc/#/match-summary,2.88,0.55,47%,53%,21,12,6,3,9,4,"86%,(411/480)","87%,(471/544)",0,1,,,9,6,6,3,0,0,15,7,18,20,7,16,3,4
10.12.2023,01:00,Atalanta,AC Milan,3:2,https://www.flashscore.co.uk/match/football/jw9G7apD/#/match-summary,3.29,1.18,42%,58%,19,14,7,4,6,4,"84%,(349/415)","87%,(501/576)",1,5,0,1,5,6,7,4,1,1,12,12,9,20,11,11,2,4
27.05.2024,02:45,Frosinone,Udinese,0:1,https://www.flashscore.co.uk/match/football/rN4paNle/#/match-summary,0.91,0.86,58%,42%,21,10,5,5,11,1,"80%,(296/370)","70%,(185/264)",0,2,,,8,4,8,1,0,2,14,6,21,22,6,13,4,5
06.11.2023,01:00,AS Roma,Lecce,2:1,https://www.flashscore.co.uk/match/football/G4AyjzJA/#/match-summary,2.06,0.76,61%,39%,15,15,5,4,5,2,"80%,(405/505)","76%,(253/333)",3,5,,,4,4,6,7,1,2,12,20,18,23,18,11,3,3
20.04.2024,00:30,Genoa,Lazio,0:1,https://www.flashscore.co.uk/match/football/l0TJwe5K/#/match-summary,0.62,1.20,39%,61%,8,13,2,1,2,9,"83%,(338/407)","85%,(552/649)",1,2,,,6,4,0,8,2,3,14,9,18,16,7,13,0,2
22.01.2024,03:45,Lecce,Juventus,0:3,https://www.flashscore.co.uk/match/football/0SfF2SK6/#/match-summary,0.61,2.46,52%,48%,12,15,3,8,5,5,"85%,(395/465)","81%,(354/437)",1,1,,,4,5,5,2,0,0,12,9,16,21,8,12,5,3
08.04.2024,00:00,Cagliari,Atalanta,2:1,https://www.flashscore.co.uk/match/football/CpeE3NNj/#/match-summary,0.64,0.54,38%,62%,11,7,3,2,4,4,"63%,(186/295)","76%,(377/496)",3,3,,,4,3,4,2,2,1,20,18,32,23,16,19,1,1
03.03.2024,22:00,Frosinone,Lecce,1:1,https://www.flashscore.co.uk/match/football/YF7egt4E/#/match-summary,1.06,0.92,65%,35%,15,11,7,4,12,8,"81%,(328/403)","63%,(140/224)",1,1,,,3,3,5,4,2,2,10,12,27,21,11,10,3,6
13.01.2024,22:00,Genoa,Torino,0:0,https://www.flashscore.co.uk/match/football/SbWiagEE/#/match-summary,0.60,0.48,44%,56%,11,6,6,0,8,4,"75%,(257/343)","83%,(366/441)",3,2,,,5,5,0,1,0,2,13,11,17,20,11,11,0,6
14.01.2024,01:00,Verona,Empoli,2:1,https://www.flashscore.co.uk/match/football/vaRXkky1/#/match-summary,0.69,0.73,40%,60%,12,14,7,1,5,9,"75%,(211/281)","82%,(364/444)",4,3,1,0,3,8,2,5,0,0,17,21,17,20,20,17,0,5
03.12.2023,01:00,Lazio,Cagliari,1:0,https://www.flashscore.co.uk/match/football/tt1JVBW2/#/match-summary,1.96,0.29,61%,39%,10,9,5,2,4,3,"88%,(543/617)","78%,(292/374)",0,2,0,1,4,5,1,2,5,1,12,16,16,27,11,12,2,4
17.09.2023,21:00,Frosinone,Sassuolo,4:2,https://www.flashscore.co.uk/match/football/K0st7DyC/#/match-summary,2.74,1.07,55%,45%,16,18,6,7,5,6,"84%,(370/441)","79%,(287/364)",4,2,,,8,5,2,6,5,2,10,15,16,18,10,9,5,2
30.12.2023,22:00,Cagliari,Empoli,0:0,https://www.flashscore.co.uk/match/football/xYFuPLWp/#/match-summary,2.03,0.36,50%,50%,15,5,3,1,8,6,"70%,(230/329)","72%,(256/356)",1,3,,,10,3,2,1,3,3,20,22,24,17,18,18,1,3
18.03.2024,03:45,Inter,Napoli,1:1,https://www.flashscore.co.uk/match/football/C2pt1U1h/#/match-summary,1.41,1.20,49%,51%,19,11,6,3,5,7,"86%,(372/431)","85%,(384/450)",2,1,,,6,6,7,2,3,0,6,22,15,19,19,6,2,5
17.09.2023,21:00,Monza,Lecce,1:1,https://www.flashscore.co.uk/match/football/Wz9hGHEP/#/match-summary,2.36,0.84,61%,39%,25,4,6,3,10,1,"87%,(449/516)","84%,(288/343)",6,1,1,1,12,1,7,0,1,0,9,19,29,3,17,11,2,5
07.04.2024,02:45,Empoli,Torino,3:2,https://www.flashscore.co.uk/match/football/Cx1kS60i/#/match-summary,0.59,2.34,36%,64%,4,19,3,5,1,7,"68%,(203/299)","86%,(449/522)",2,1,,,0,9,1,5,2,1,14,15,17,20,13,13,3,0
19.02.2024,03:45,Monza,AC Milan,4:2,https://www.flashscore.co.uk/match/football/zP7IKLck/#/match-summary,1.76,1.32,50%,50%,12,16,6,6,7,3,"85%,(388/456)","85%,(398/468)",4,1,0,1,2,4,4,6,0,0,9,10,13,12,11,10,4,2
23.12.2023,03:45,Monza,Fiorentina,0:1,https://www.flashscore.co.uk/match/football/4KutySPu/#/match-summary,0.67,1.87,53%,47%,7,14,2,5,1,4,"81%,(390/481)","81%,(352/435)",3,4,,,3,5,2,4,0,0,13,11,19,25,12,16,4,2
28.08.2023,00:30,Juventus,Bologna,1:1,https://www.flashscore.co.uk/match/football/OzgujL0K/#/match-summary,,,59%,41%,14,9,3,4,6,2,"86%,(427/497)","81%,(288/356)",2,1,,,7,4,4,1,4,0,13,17,23,16,14,13,3,2
13.02.2024,03:45,Juventus,Udinese,0:1,https://www.flashscore.co.uk/match/football/Gx4eWcu4/#/match-summary,1.38,0.69,70%,30%,14,8,6,1,8,4,"87%,(477/548)","71%,(167/235)",3,3,,,7,4,1,3,0,0,10,15,32,14,15,10,0,6
23.12.2023,22:00,Torino,Udinese,1:1,https://www.flashscore.co.uk/match/football/YaXdXqP4/#/match-summary,0.84,1.03,62%,38%,14,10,4,4,8,2,"86%,(413/480)","72%,(225/313)",2,2,,,6,5,4,1,3,1,11,13,23,10,10,11,3,3
12.12.2023,03:45,Cagliari,Sassuolo,2:1,https://www.flashscore.co.uk/match/football/UT7K6JaJ/#/match-summary,1.21,1.04,60%,40%,18,8,6,4,10,4,"81%,(302/373)","72%,(194/269)",1,7,0,1,10,2,2,2,2,2,17,16,36,16,15,15,3,4
11.11.2023,22:00,Lecce,AC Milan,2:2,https://www.flashscore.co.uk/match/football/xYwJ2D2G/#/match-summary,1.31,1.08,45%,55%,14,10,5,6,3,1,"79%,(276/351)","83%,(362/436)",4,6,0,1,8,3,1,1,0,0,15,12,24,18,12,16,4,3
14.04.2024,21:00,Sassuolo,AC Milan,3:3,https://www.flashscore.co.uk/match/football/MZYLIgTf/#/match-summary,0.98,3.36,33%,67%,10,23,5,7,2,6,"68%,(178/262)","85%,(460/540)",3,1,,,2,10,3,6,0,3,11,10,17,18,12,9,4,2
29.02.2024,01:00,Sassuolo,Napoli,1:6,https://www.flashscore.co.uk/match/football/lU8OCCrE/#/match-summary,0.33,2.87,28%,72%,5,27,2,9,5,10,"71%,(190/268)","91%,(655/720)",,,,,1,6,2,12,0,3,8,3,18,18,3,5,3,1
21.01.2024,01:00,AS Roma,Verona,2:1,https://www.flashscore.co.uk/match/football/8YVyk9j7/#/match-summary,0.90,0.99,62%,38%,9,12,2,3,1,2,"86%,(508/591)","82%,(290/354)",2,2,,,2,4,5,5,5,1,15,18,21,17,14,12,2,0
04.02.2024,19:30,Torino,Salernitana,0:0,https://www.flashscore.co.uk/match/football/pdKyGxeN/#/match-summary,0.99,0.08,67%,33%,13,3,1,1,10,1,"87%,(439/505)","68%,(174/256)",2,1,,,7,2,5,0,3,0,8,14,31,13,11,8,1,1
02.03.2024,03:45,Lazio,AC Milan,0:1,https://www.flashscore.co.uk/match/football/42USzYmm/#/match-summary,1.46,1.02,38%,62%,11,14,3,5,2,5,"80%,(251/314)","89%,(453/509)",5,6,3,0,6,6,2,3,0,3,11,15,12,17,17,19,4,3
08.04.2024,02:45,Juventus,Fiorentina,1:0,https://www.flashscore.co.uk/match/football/pjacQpV3/#/match-summary,1.80,0.60,25%,75%,7,13,2,2,5,6,"71%,(155/218)","92%,(589/640)",2,1,,,2,6,3,5,5,1,8,21,14,20,16,8,2,1
18.02.2024,19:30,Lazio,Bologna,1:2,https://www.flashscore.co.uk/match/football/dY8EL1rq/#/match-summary,1.10,1.36,44%,56%,12,11,7,3,8,3,"85%,(394/464)","88%,(537/610)",2,3,,,1,5,4,3,2,0,10,6,18,19,5,11,1,6
26.11.2023,01:00,Atalanta,Napoli,1:2,https://www.flashscore.co.uk/match/football/UVIceVfj/#/match-summary,0.26,1.37,44%,56%,16,11,5,4,5,4,"78%,(304/390)","82%,(419/511)",2,2,,,4,2,7,5,4,3,14,18,28,31,15,9,2,4
01.10.2023,21:00,Udinese,Genoa,2:2,https://www.flashscore.co.uk/match/football/W0U5Bmpe/#/match-summary,0.72,0.66,59%,41%,11,8,2,4,5,0,"80%,(335/418)","75%,(223/298)",2,2,1,0,5,3,4,1,1,2,14,13,24,26,12,12,2,0
14.05.2024,02:45,Fiorentina,Monza,2:1,https://www.flashscore.co.uk/match/football/UFIypiqi/#/match-summary,2.32,0.78,49%,51%,15,6,8,2,6,1,"93%,(349/375)","85%,(355/418)",1,1,,,2,3,5,1,1,0,14,9,16,19,9,14,1,6
12.11.2023,22:00,Fiorentina,Bologna,2:1,https://www.flashscore.co.uk/match/football/M5gKsCQj/#/match-summary,1.57,2.05,39%,61%,12,11,4,4,0,3,"76%,(244/321)","82%,(403/489)",2,2,,,2,4,6,3,1,2,15,12,11,18,19,15,3,2
27.01.2024,22:00,Atalanta,Udinese,2:0,https://www.flashscore.co.uk/match/football/ripK1nzD/#/match-summary,1.11,0.71,59%,41%,14,13,11,5,4,4,"83%,(439/529)","79%,(301/381)",2,1,,,2,6,1,2,1,3,14,8,26,25,8,11,5,9
28.01.2024,22:00,Verona,Frosinone,1:1,https://www.flashscore.co.uk/match/football/2FJdF54C/#/match-summary,2.37,1.40,49%,51%,15,11,5,6,1,9,"73%,(302/414)","74%,(325/439)",2,2,,,7,2,3,3,3,2,12,20,30,19,17,12,5,4
27.01.2024,03:45,Cagliari,Torino,1:2,https://www.flashscore.co.uk/match/football/MsqO06kJ/#/match-summary,1.71,1.68,51%,49%,25,16,10,6,8,2,"74%,(273/369)","75%,(284/379)",2,4,,,9,7,6,3,0,6,18,13,25,19,12,12,4,9
03.03.2024,19:30,Verona,Sassuolo,1:0,https://www.flashscore.co.uk/match/football/04htW92I/#/match-summary,0.31,0.41,49%,51%,10,13,5,2,2,10,"73%,(230/317)","70%,(228/325)",4,2,,,3,2,2,9,1,2,12,24,19,35,23,10,2,4
22.10.2023,18:30,AS Roma,Monza,1:0,https://www.flashscore.co.uk/match/football/APrnqS5Q/#/match-summary,1.64,0.46,51%,49%,21,11,4,4,8,5,"86%,(379/441)","87%,(378/434)",2,4,0,1,6,5,11,2,3,2,13,15,19,9,11,11,4,3
27.08.2023,00:30,Monza,Empoli,2:0,https://www.flashscore.co.uk/match/football/0Ie8qJwl/#/match-summary,2.03,1.07,54%,46%,20,18,5,6,6,5,"85%,(410/482)","82%,(343/417)",1,2,,,9,8,6,4,2,1,9,15,28,20,14,7,6,3
08.01.2024,03:45,AS Roma,Atalanta,1:1,https://www.flashscore.co.uk/match/football/nuBIpfaL/#/match-summary,1.89,0.68,55%,45%,16,8,6,2,6,5,"81%,(386/478)","78%,(294/377)",1,6,,,6,4,4,2,2,1,13,17,24,12,14,14,1,5
08.10.2023,00:00,Juventus,Torino,2:0,https://www.flashscore.co.uk/match/football/EwaqP6Ef/#/match-summary,2.04,0.75,50%,50%,17,10,6,1,7,3,"82%,(348/425)","82%,(349/427)",1,1,,,4,7,7,2,2,0,8,12,13,22,10,8,1,4
25.02.2024,01:00,Salernitana,Monza,0:2,https://www.flashscore.co.uk/match/football/AsM0Xbse/#/match-summary,0.86,2.20,41%,59%,11,17,3,7,7,11,"87%,(314/361)","92%,(472/515)",2,2,,,4,7,4,3,0,2,13,6,14,16,6,13,5,3
17.09.2023,18:30,Cagliari,Udinese,0:0,https://www.flashscore.co.uk/match/football/OYmX8Z6a/#/match-summary,1.77,0.79,44%,56%,10,11,1,1,4,6,"77%,(276/357)","84%,(380/454)",2,1,1,0,7,9,2,1,3,1,12,15,29,11,12,11,1,1
21.08.2023,00:30,AS Roma,Salernitana,2:2,https://www.flashscore.co.uk/match/football/lbAYWufr/#/match-summary,1.84,0.14,60%,40%,13,3,3,2,9,1,"82%,(389/475)","73%,(240/328)",0,4,,,7,1,3,0,1,1,8,13,28,20,12,9,0,1
07.10.2023,00:30,Empoli,Udinese,0:0,https://www.flashscore.co.uk/match/football/xb55WlMK/#/match-summary,1.23,0.61,59%,41%,18,11,3,1,5,7,"77%,(337/438)","68%,(200/294)",1,2,,,8,7,7,3,3,0,15,14,35,23,11,15,1,3
29.02.2024,03:45,Inter,Atalanta,4:0,https://www.flashscore.co.uk/match/football/nPjB3850/#/match-summary,1.81,0.29,59%,41%,15,6,7,1,4,1,"90%,(529/588)","86%,(352/409)",2,6,,,4,4,4,1,2,2,16,12,16,14,10,15,1,3
24.10.2023,02:45,Fiorentina,Empoli,0:2,https://www.flashscore.co.uk/match/football/2auvolyE/#/match-summary,0.99,1.29,72%,28%,19,7,7,3,13,3,"87%,(512/589)","65%,(152/234)",1,3,,,7,2,5,2,2,5,22,15,29,19,13,17,1,7
06.11.2023,03:45,Fiorentina,Juventus,0:1,https://www.flashscore.co.uk/match/football/0E7PhxZi/#/match-summary,0.70,0.57,68%,32%,25,4,4,3,9,2,"84%,(448/533)","67%,(176/261)",1,3,,,11,0,10,1,1,4,25,13,24,17,12,21,2,4
26.02.2024,01:00,Lecce,Inter,0:4,https://www.flashscore.co.uk/match/football/EZtQw14R/#/match-summary,0.81,3.22,39%,61%,14,11,2,7,7,10,"83%,(293/353)","87%,(485/557)",1,2,,,9,3,3,1,3,5,10,14,7,16,13,6,3,2
10.03.2024,01:00,Bologna,Inter,0:1,https://www.flashscore.co.uk/match/football/veipVTHO/#/match-summary,0.68,0.82,60%,40%,19,5,3,4,7,2,"89%,(576/647)","82%,(362/441)",2,1,,,6,1,10,0,0,2,12,16,19,21,17,12,3,3
18.09.2023,00:00,Fiorentina,Atalanta,3:2,https://www.flashscore.co.uk/match/football/2Pny8gM5/#/match-summary,1.09,0.73,57%,43%,15,11,8,4,3,4,"84%,(423/505)","74%,(283/383)",1,2,,,4,4,3,3,0,2,16,8,27,27,8,14,2,5
26.11.2023,19:30,Cagliari,Monza,1:1,https://www.flashscore.co.uk/match/football/8ENxJYnc/#/match-summary,1.67,0.67,39%,61%,17,12,6,4,10,11,"78%,(243/312)","85%,(447/526)",1,2,,,7,2,4,6,1,2,17,11,10,13,10,15,3,5
19.05.2024,21:00,Udinese,Empoli,1:1,https://www.flashscore.co.uk/match/football/vF3Fo4Ke/#/match-summary,1.88,0.96,47%,53%,8,4,2,1,5,5,"72%,(225/312)","73%,(258/353)",1,7,0,1,5,2,1,1,1,3,20,11,25,20,14,18,0,1
24.12.2023,01:00,Inter,Lecce,2:0,https://www.flashscore.co.uk/match/football/vcEZFrfU/#/match-summary,2.80,1.16,68%,32%,20,11,8,5,16,2,"90%,(525/583)","80%,(218/273)",1,3,0,1,9,5,3,1,0,0,13,8,16,13,8,14,5,6
08.10.2023,02:45,Genoa,AC Milan,0:1,https://www.flashscore.co.uk/match/football/YTjyRSqr/#/match-summary,0.49,0.97,41%,59%,7,12,1,3,3,2,"82%,(308/376)","87%,(476/549)",3,5,1,1,2,4,4,5,0,3,17,10,11,17,10,13,2,1
09.03.2024,22:00,Cagliari,Salernitana,4:2,https://www.flashscore.co.uk/match/football/SApSgDfP/#/match-summary,3.34,1.08,29%,71%,12,12,7,5,5,4,"72%,(119/165)","87%,(317/364)",1,2,,,2,5,3,2,4,2,11,19,18,25,16,11,3,3
17.09.2023,00:00,Inter,AC Milan,5:1,https://www.flashscore.co.uk/match/football/QwM6hEMI/#/match-summary,2.29,0.86,40%,60%,15,9,8,2,5,0,,,2,2,,,3,4,4,3,2,2,15,18,16,12,16,13,1,3
05.05.2024,21:00,Empoli,Frosinone,0:0,https://www.flashscore.co.uk/match/football/bFGVm0pP/#/match-summary,0.36,1.38,47%,53%,7,17,1,5,3,8,"62%,(175/282)","69%,(225/326)",2,3,,,2,8,4,4,5,1,13,19,24,24,15,11,5,1
21.04.2024,21:00,Torino,Frosinone,0:0,https://www.flashscore.co.uk/match/football/neB6UjS6/#/match-summary,0.53,0.63,53%,47%,13,12,2,3,6,4,"80%,(329/411)","79%,(284/359)",2,2,,,9,6,2,3,2,2,18,13,12,13,10,17,3,2
03.03.2024,22:00,Empoli,Cagliari,0:1,https://www.flashscore.co.uk/match/football/KC3ifMl8/#/match-summary,1.19,0.53,56%,44%,16,8,3,4,9,2,"82%,(362/441)","76%,(281/368)",0,3,,,5,2,8,2,3,0,14,15,31,23,11,15,3,3
03.10.2023,02:45,Fiorentina,Cagliari,3:0,https://www.flashscore.co.uk/match/football/EehFLX72/#/match-summary,1.19,0.80,60%,40%,14,6,2,4,4,2,"89%,(529/594)","81%,(314/388)",1,1,,,5,2,7,0,1,2,10,9,19,12,10,10,4,0
23.10.2023,02:45,AC Milan,Juventus,0:1,https://www.flashscore.co.uk/match/football/G2qrp8jK/#/match-summary,0.35,1.18,52%,48%,7,14,1,4,6,3,"84%,(365/434)","86%,(356/412)",1,4,1,0,3,6,3,4,0,2,20,14,23,23,12,16,3,1
16.12.2023,22:00,Lecce,Frosinone,2:1,https://www.flashscore.co.uk/match/football/h6sJLnQh/#/match-summary,0.74,1.58,40%,60%,18,11,6,5,5,4,"71%,(220/310)","80%,(378/473)",1,4,,,10,4,2,2,5,0,10,10,11,19,8,14,4,4
21.04.2024,18:30,Sassuolo,Lecce,0:3,https://www.flashscore.co.uk/match/football/zL72VWC0/#/match-summary,0.52,2.13,56%,44%,10,14,3,8,9,4,"71%,(287/404)","68%,(230/338)",1,0,,,5,4,2,2,1,1,14,11,33,25,10,13,5,3
03.02.2024,22:00,Udinese,Monza,0:0,https://www.flashscore.co.uk/match/football/OnJuFdAT/#/match-summary,0.78,0.11,47%,53%,21,3,6,2,7,4,"84%,(355/423)","83%,(408/490)",3,2,,,8,1,7,0,1,0,12,12,26,12,12,13,2,6
09.10.2023,00:00,Cagliari,AS Roma,1:4,https://www.flashscore.co.uk/match/football/KMA0XU6E/#/match-summary,1.88,2.44,58%,42%,16,11,2,5,4,3,"84%,(391/467)","75%,(269/359)",2,3,,,10,2,4,4,1,1,11,16,20,15,15,13,1,1
08.04.2024,00:00,Verona,Genoa,1:2,https://www.flashscore.co.uk/match/football/8W8n4fE1/#/match-summary,1.30,1.84,61%,39%,12,11,3,5,5,3,"81%,(382/472)","72%,(221/307)",3,1,,,5,4,4,2,2,3,18,14,29,24,14,15,3,2
11.05.2024,02:45,Frosinone,Inter,0:5,https://www.flashscore.co.uk/match/football/rJMuqBbc/#/match-summary,1.35,1.82,41%,59%,17,14,8,5,8,4,"86%,(342/398)","89%,(513/576)",,,,,7,6,2,3,0,1,7,5,16,10,4,8,0,8
07.01.2024,03:45,Sassuolo,Fiorentina,1:0,https://www.flashscore.co.uk/match/football/WCnkuYMr/#/match-summary,0.87,1.13,33%,67%,7,9,1,3,1,8,"69%,(161/235)","83%,(382/460)",3,2,,,5,4,1,2,5,6,20,14,16,22,10,14,3,0
11.12.2023,01:00,Salernitana,Bologna,1:2,https://www.flashscore.co.uk/match/football/YPGm67Q5/#/match-summary,0.41,2.18,35%,65%,9,10,2,5,5,1,"79%,(270/341)","89%,(611/687)",7,2,,,3,3,4,2,0,2,17,21,12,20,20,15,3,1
10.12.2023,03:45,Inter,Udinese,4:0,https://www.flashscore.co.uk/match/football/4pPW9kRt/#/match-summary,3.33,0.69,74%,26%,17,11,8,1,6,1,"93%,(737/792)","82%,(225/274)",0,1,,,6,4,3,6,1,1,6,10,17,14,9,6,1,4
09.03.2024,03:45,Napoli,Torino,1:1,https://www.flashscore.co.uk/match/football/hbHJqTWH/#/match-summary,1.53,1.14,63%,37%,22,11,8,2,13,7,"86%,(449/522)","75%,(234/312)",2,2,,,9,6,5,3,3,0,13,11,28,13,9,13,1,7
22.08.2023,02:45,Bologna,AC Milan,0:2,https://www.flashscore.co.uk/match/football/84C5T6mj/#/match-summary,1.06,1.00,53%,47%,17,10,5,6,3,6,"88%,(480/545)","85%,(408/480)",2,2,,,7,2,5,2,2,2,6,12,13,13,10,4,4,5
05.11.2023,03:45,AC Milan,Udinese,0:1,https://www.flashscore.co.uk/match/football/YuLWjG34/#/match-summary,0.80,1.45,72%,28%,14,12,5,2,11,5,"90%,(492/546)","74%,(155/209)",1,2,,,6,6,3,4,1,4,18,13,24,13,13,14,1,5
28.08.2023,02:45,Napoli,Sassuolo,2:0,https://www.flashscore.co.uk/match/football/ELaCrwgf/#/match-summary,2.91,0.08,67%,33%,25,6,5,1,12,4,"91%,(593/652)","82%,(269/328)",0,1,0,1,12,3,8,2,4,0,7,9,12,6,9,10,1,3
28.01.2024,01:00,Juventus,Empoli,1:1,https://www.flashscore.co.uk/match/football/KWNyKTks/#/match-summary,0.73,0.62,39%,61%,9,16,3,5,6,7,"82%,(333/406)","89%,(567/637)",1,1,1,0,2,6,4,5,0,2,7,11,21,12,11,6,4,2
04.12.2023,01:00,Sassuolo,AS Roma,1:2,https://www.flashscore.co.uk/match/football/McL3A10f/#/match-summary,0.94,2.17,34%,66%,8,15,2,7,1,11,"79%,(248/314)","89%,(547/615)",4,1,1,0,4,3,2,5,0,2,16,9,12,14,10,11,5,1
19.05.2024,00:00,Lecce,Atalanta,0:2,https://www.flashscore.co.uk/match/football/hIVRf8c9/#/match-summary,1.21,1.71,44%,56%,11,19,3,9,2,5,"83%,(360/434)","87%,(479/552)",0,4,,,7,7,1,3,1,0,21,8,16,19,7,20,7,3
11.02.2024,22:00,Monza,Verona,0:0,https://www.flashscore.co.uk/match/football/O273UyAG/#/match-summary,0.68,0.57,55%,45%,11,10,1,1,5,2,"83%,(359/433)","78%,(281/360)",1,2,,,7,7,3,2,1,3,17,17,17,13,19,15,1,1
18.03.2024,01:00,AS Roma,Sassuolo,1:0,https://www.flashscore.co.uk/match/football/nLxgbSoB/#/match-summary,0.75,0.60,63%,37%,10,8,4,2,4,7,"90%,(552/613)","82%,(285/348)",2,1,,,3,2,3,4,3,0,10,16,13,13,11,10,2,3
21.01.2024,19:30,Frosinone,Cagliari,3:1,https://www.flashscore.co.uk/match/football/h2i74ljf/#/match-summary,2.18,0.61,60%,40%,17,9,7,4,8,4,"76%,(381/501)","66%,(213/323)",3,5,,,8,4,2,1,2,2,20,12,21,19,11,18,3,4
04.09.2023,00:30,Inter,Fiorentina,4:0,https://www.flashscore.co.uk/match/football/rilF2bpQ/#/match-summary,4.05,0.41,40%,60%,21,6,11,2,1,1,"82%,(285/349)","86%,(455/527)",1,1,,,8,1,2,3,0,1,11,13,15,21,13,12,2,7
04.05.2024,02:45,Torino,Bologna,0:0,https://www.flashscore.co.uk/match/football/rLDHvd7B/#/match-summary,0.59,0.15,47%,53%,8,5,1,1,2,4,"83%,(359/433)","82%,(411/501)",2,2,,,3,3,4,1,0,1,12,14,18,18,14,11,1,1
28.10.2023,21:00,Sassuolo,Bologna,1:1,https://www.flashscore.co.uk/match/football/lzv7zeJN/#/match-summary,0.84,0.97,41%,59%,17,9,6,5,6,2,"83%,(327/394)","88%,(523/594)",1,4,,,8,1,3,3,1,2,12,13,20,13,11,10,4,5
04.11.2023,03:45,Bologna,Lazio,1:0,https://www.flashscore.co.uk/match/football/KIUxVYto/#/match-summary,0.76,0.56,50%,50%,6,11,2,1,2,6,"85%,(457/537)","88%,(472/536)",2,5,,,2,4,2,6,0,0,8,12,30,22,12,8,1,1
05.11.2023,22:00,Cagliari,Genoa,2:1,https://www.flashscore.co.uk/match/football/MN8LgIJo/#/match-summary,0.65,1.21,40%,60%,12,8,4,2,1,1,"74%,(259/350)","78%,(405/519)",4,2,,,6,4,2,2,5,2,13,19,28,22,14,11,1,2
28.09.2023,00:30,Verona,Atalanta,0:1,https://www.flashscore.co.uk/match/football/4QAObA0k/#/match-summary,0.59,1.23,51%,49%,11,8,2,2,4,1,"68%,(281/413)","66%,(264/400)",2,3,,,6,5,3,1,1,3,22,11,24,22,10,25,1,2
04.09.2023,02:45,Lecce,Salernitana,2:0,https://www.flashscore.co.uk/match/football/0WzsbIhs/#/match-summary,1.72,0.98,45%,55%,20,11,6,4,6,5,"76%,(249/328)","80%,(317/396)",3,3,,,4,6,10,1,0,1,10,16,25,22,17,15,4,4
03.09.2023,02:45,Atalanta,Monza,3:0,https://www.flashscore.co.uk/match/football/4AhPuywD/#/match-summary,0.67,0.30,41%,59%,18,8,8,2,7,3,"85%,(364/428)","86%,(538/626)",0,3,,,5,5,5,1,4,1,10,15,15,22,11,9,2,5
02.12.2023,03:45,Monza,Juventus,1:2,https://www.flashscore.co.uk/match/football/EXHeCNVs/#/match-summary,0.83,2.96,66%,34%,16,18,1,7,7,3,"90%,(601/668)","84%,(294/350)",1,2,,,7,6,8,5,0,2,10,12,21,15,12,8,5,0
31.03.2024,03:45,Fiorentina,AC Milan,1:2,https://www.flashscore.co.uk/match/football/j7OIEmWi/#/match-summary,1.42,2.90,45%,55%,17,14,7,10,7,5,"78%,(282/362)","82%,(373/455)",2,3,,,2,4,8,0,1,5,17,9,16,14,8,12,8,6
16.03.2024,22:00,Udinese,Torino,0:2,https://www.flashscore.co.uk/match/football/KYz1d6GN/#/match-summary,0.44,0.85,43%,57%,12,12,1,5,3,4,"77%,(262/340)","84%,(381/454)",3,2,,,7,3,4,4,2,1,19,13,14,21,11,17,3,1
12.05.2024,21:00,Verona,Torino,1:2,https://www.flashscore.co.uk/match/football/4dkXYQzj/#/match-summary,1.12,0.48,43%,57%,13,6,5,2,7,4,"70%,(232/331)","80%,(364/455)",3,2,1,0,4,4,4,0,1,0,11,16,18,20,19,15,0,4
12.05.2024,02:45,AC Milan,Cagliari,5:1,https://www.flashscore.co.uk/match/football/YDb1vmDS/#/match-summary,3.30,1.42,66%,34%,17,13,10,7,6,3,"91%,(584/642)","81%,(257/317)",2,1,,,4,1,3,5,1,4,13,11,9,12,11,9,6,5
20.04.2024,02:45,Cagliari,Juventus,2:2,https://www.flashscore.co.uk/match/football/YioXFiDD/#/match-summary,2.15,0.67,26%,74%,9,11,4,3,4,3,"63%,(127/202)","86%,(499/580)",2,3,,,4,3,1,5,1,3,18,17,17,22,16,15,1,2
07.01.2024,19:30,Empoli,AC Milan,0:3,https://www.flashscore.co.uk/match/football/vPAOOCx2/#/match-summary,0.83,1.69,35%,65%,17,13,2,6,6,6,"86%,(276/321)","90%,(560/623)",1,2,,,5,4,10,3,0,0,13,8,20,24,9,13,3,2
26.11.2023,03:45,AC Milan,Fiorentina,1:0,https://www.flashscore.co.uk/match/football/xfFgFjnM/#/match-summary,1.66,1.84,42%,58%,9,20,6,4,3,11,"77%,(284/369)","82%,(412/502)",1,2,,,1,7,2,9,1,1,11,10,22,24,9,10,4,5
27.05.2024,00:00,Atalanta,Torino,3:0,https://www.flashscore.co.uk/match/football/pnP95PBR/#/match-summary,2.15,0.85,40%,60%,18,8,7,1,2,5,"83%,(306/369)","89%,(498/560)",1,1,,,8,5,3,2,1,3,12,19,19,20,18,10,1,4
27.05.2024,00:00,Napoli,Lecce,0:0,https://www.flashscore.co.uk/match/football/CYQ17osF/#/match-summary,1.59,0.41,67%,33%,24,10,5,0,4,1,"89%,(598/672)","73%,(241/330)",,,,,11,4,8,6,0,1,16,10,24,17,10,17,0,5
17.12.2023,19:30,AC Milan,Monza,3:0,https://www.flashscore.co.uk/match/football/nTtNK6ua/#/match-summary,2.27,1.58,45%,55%,17,21,9,4,4,5,"87%,(363/417)","92%,(471/512)",1,2,,,5,11,3,6,3,0,8,11,8,5,8,8,4,6
18.02.2024,01:00,Verona,Juventus,2:2,https://www.flashscore.co.uk/match/football/IJVRU5Ld/#/match-summary,0.58,1.39,44%,56%,14,18,9,4,5,4,"81%,(282/347)","84%,(393/466)",,,,,3,6,2,8,0,2,13,8,18,25,8,10,2,7
22.10.2023,21:00,Bologna,Frosinone,2:1,https://www.flashscore.co.uk/match/football/0f1eM4bD/#/match-summary,1.46,1.35,55%,45%,12,12,6,5,4,5,"83%,(391/473)","81%,(312/383)",2,2,0,1,5,6,1,1,1,1,13,9,19,20,10,14,4,4
06.04.2024,02:45,Salernitana,Sassuolo,2:2,https://www.flashscore.co.uk/match/football/nHKw6Gqk/#/match-summary,1.11,2.43,54%,46%,5,16,2,5,4,9,"80%,(397/495)","77%,(321/417)",4,3,,,2,5,1,6,1,3,16,11,15,14,10,13,3,0
19.09.2023,02:45,Verona,Bologna,0:0,https://www.flashscore.co.uk/match/football/UBlT9Fig/#/match-summary,0.45,0.80,39%,61%,9,11,1,4,3,4,"80%,(277/346)","88%,(479/544)",4,2,,,5,5,3,2,5,1,12,23,15,16,18,10,4,1
20.05.2024,02:45,AS Roma,Genoa,1:0,https://www.flashscore.co.uk/match/football/nHOzgnSL/#/match-summary,0.52,0.26,54%,46%,21,12,6,5,6,3,"87%,(399/459)","83%,(319/384)",3,0,1,0,8,3,7,4,0,2,9,7,9,12,10,10,5,5
25.02.2024,22:00,Cagliari,Napoli,1:1,https://www.flashscore.co.uk/match/football/pfk9sq52/#/match-summary,0.73,1.06,29%,71%,8,9,3,4,4,3,"55%,(122/220)","83%,(487/589)",4,1,,,4,5,1,0,4,2,14,16,26,23,12,12,3,2
29.01.2024,03:45,Fiorentina,Inter,0:1,https://www.flashscore.co.uk/match/football/zan5PkSJ/#/match-summary,0.74,0.28,58%,42%,14,8,4,4,7,6,"82%,(424/517)","79%,(299/378)",2,3,,,5,2,5,2,3,4,15,9,12,15,6,12,3,4
07.11.2023,01:30,Frosinone,Empoli,2:1,https://www.flashscore.co.uk/match/football/fkMSidlb/#/match-summary,0.93,1.27,64%,36%,17,10,5,2,9,2,"87%,(507/581)","70%,(231/328)",3,2,,,7,4,5,4,2,1,12,8,25,14,7,9,1,3
23.12.2023,03:45,Salernitana,AC Milan,2:2,https://www.flashscore.co.uk/match/football/CpqlZ5fh/#/match-summary,1.43,2.60,34%,66%,19,21,7,9,6,6,"77%,(206/268)","89%,(448/503)",3,1,1,0,6,6,6,6,2,2,13,17,14,16,16,11,7,5
23.09.2023,21:00,AC Milan,Verona,1:0,https://www.flashscore.co.uk/match/football/Iea8612b/#/match-summary,0.97,0.63,54%,46%,9,10,4,2,2,3,"81%,(371/460)","75%,(280/373)",4,2,,,2,5,3,3,1,1,12,16,17,18,12,11,2,3
04.09.2023,00:30,Torino,Genoa,1:0,https://www.flashscore.co.uk/match/football/UBScfzh6/#/match-summary,0.46,0.08,63%,37%,10,7,3,2,4,0,"86%,(425/493)","70%,(212/304)",2,5,,,5,3,2,2,5,2,10,18,15,11,13,7,2,2
30.04.2024,02:45,Genoa,Cagliari,3:0,https://www.flashscore.co.uk/match/football/dQhciEZJ/#/match-summary,1.08,0.94,63%,37%,12,12,5,1,2,4,"82%,(453/552)","70%,(214/306)",0,2,,,6,9,1,2,2,3,19,14,23,31,12,14,1,2
06.05.2024,02:45,AS Roma,Juventus,1:1,https://www.flashscore.co.uk/match/football/8l65sbNh/#/match-summary,2.00,1.16,61%,39%,19,16,5,6,9,6,"90%,(474/527)","85%,(292/344)",1,2,,,9,7,5,3,1,1,11,8,18,13,7,11,5,4
18.02.2024,22:00,Empoli,Fiorentina,1:1,https://www.flashscore.co.uk/match/football/jXTZSqj9/#/match-summary,0.99,1.03,39%,61%,5,9,4,4,0,3,"76%,(244/321)","84%,(420/500)",3,2,,,0,3,1,2,1,1,15,16,23,25,15,14,3,3
14.04.2024,18:30,Napoli,Frosinone,2:2,https://www.flashscore.co.uk/match/football/vBqHJZDl/#/match-summary,2.24,2.15,66%,34%,20,13,9,6,6,2,"86%,(474/553)","71%,(202/286)",3,1,1,0,5,4,6,3,2,2,17,12,20,16,11,14,4,7
10.02.2024,03:45,Salernitana,Empoli,1:3,https://www.flashscore.co.uk/match/football/pIeCSFvT/#/match-summary,0.33,0.64,61%,39%,13,17,4,3,4,8,"89%,(500/562)","81%,(288/356)",3,2,,,5,8,4,6,2,1,17,12,22,13,10,17,0,3
02.10.2023,00:00,Atalanta,Juventus,0:0,https://www.flashscore.co.uk/match/football/bmAScUFe/#/match-summary,1.31,0.17,52%,48%,15,5,2,3,5,2,"87%,(472/543)","86%,(451/524)",1,2,,,9,0,4,2,0,1,8,15,26,9,13,7,3,2
28.08.2023,00:30,Fiorentina,Lecce,2:2,https://www.flashscore.co.uk/match/football/Wt6gSH8D/#/match-summary,,,58%,42%,9,6,4,2,3,3,"83%,(296/357)","76%,(199/262)",1,3,,,3,1,2,3,1,1,16,16,23,20,13,12,0,2
07.11.2023,03:45,Torino,Sassuolo,2:1,https://www.flashscore.co.uk/match/football/OUDqlEmN/#/match-summary,3.40,0.42,53%,47%,21,5,9,2,9,2,"83%,(373/452)","77%,(309/403)",1,1,,,7,3,5,0,3,0,7,11,29,21,9,6,1,7
30.03.2024,22:00,Torino,Monza,1:0,https://www.flashscore.co.uk/match/football/YgdA438p/#/match-summary,1.59,0.72,62%,38%,15,9,6,2,7,2,"89%,(493/554)","82%,(276/337)",0,3,0,1,3,3,6,4,1,2,11,10,9,14,9,11,2,5
22.04.2024,00:00,Salernitana,Fiorentina,0:2,https://www.flashscore.co.uk/match/football/tb8bWCcf/#/match-summary,0.24,1.13,27%,73%,5,12,1,7,2,5,"57%,(126/221)","85%,(514/605)",2,4,,,2,2,2,3,3,2,15,17,18,23,13,11,5,1
28.04.2024,00:00,Juventus,AC Milan,0:0,https://www.flashscore.co.uk/match/football/tbUTohcs/#/match-summary,1.25,0.31,51%,49%,18,9,7,0,9,4,"87%,(398/457)","88%,(393/447)",0,1,,,8,5,3,4,1,0,4,11,10,16,10,4,0,7
07.04.2024,21:00,Monza,Napoli,2:4,https://www.flashscore.co.uk/match/football/tIh6OOaG/#/match-summary,0.26,2.59,38%,62%,7,19,2,8,1,6,"80%,(275/344)","90%,(504/560)",3,1,,,4,4,1,7,1,4,15,11,18,15,10,8,4,0
01.10.2023,18:30,Bologna,Empoli,3:0,https://www.flashscore.co.uk/match/football/xv9WdlV1/#/match-summary,2.61,1.00,58%,42%,21,12,9,4,2,6,"85%,(437/512)","80%,(284/357)",2,4,,,10,4,2,4,2,1,17,13,27,12,11,16,4,6
21.01.2024,22:00,Empoli,Monza,3:0,https://www.flashscore.co.uk/match/football/EBh35Uzl/#/match-summary,1.38,0.70,28%,72%,9,15,5,5,1,7,"72%,(187/260)","89%,(583/655)",1,3,,,2,5,2,5,0,2,12,15,16,20,15,10,5,2
24.09.2023,21:00,Udinese,Fiorentina,0:2,https://www.flashscore.co.uk/match/football/pAFlnXGq/#/match-summary,2.22,0.43,49%,51%,20,6,8,2,10,3,"75%,(280/373)","73%,(300/411)",0,1,,,5,3,7,1,1,1,9,11,21,24,13,11,0,8
29.10.2023,00:00,Lecce,Torino,0:1,https://www.flashscore.co.uk/match/football/EHofwcZ4/#/match-summary,0.40,0.71,49%,51%,11,10,6,2,3,0,"80%,(337/421)","80%,(366/458)",3,5,,,2,6,3,2,1,0,19,18,25,17,17,19,1,6
02.09.2023,00:30,Sassuolo,Verona,3:1,https://www.flashscore.co.uk/match/football/zkTgeGx0/#/match-summary,1.43,0.59,47%,53%,16,11,7,3,10,1,"75%,(281/375)","80%,(357/446)",1,3,,,4,8,5,0,1,4,16,8,24,15,8,13,2,4
29.04.2024,00:00,Atalanta,Empoli,2:0,https://www.flashscore.co.uk/match/football/8QmwrAd6/#/match-summary,2.17,0.46,59%,41%,17,11,5,2,8,1,"80%,(365/456)","70%,(221/316)",1,2,,,6,6,6,3,1,1,15,20,28,24,19,14,2,3
29.10.2023,22:00,Monza,Udinese,1:1,https://www.flashscore.co.uk/match/football/h8pbxHlB/#/match-summary,0.35,1.16,60%,40%,10,10,4,3,10,3,"88%,(494/559)","86%,(318/371)",2,1,,,1,3,5,4,2,0,11,20,20,9,15,11,2,3
12.02.2024,03:45,AC Milan,Napoli,1:0,https://www.flashscore.co.uk/match/football/fT2aVHfA/#/match-summary,0.79,0.63,40%,60%,10,12,6,2,1,2,"79%,(309/391)","88%,(505/574)",1,1,,,3,6,1,4,3,1,14,13,24,19,9,12,2,5
26.05.2024,02:45,AC Milan,Salernitana,3:3,https://www.flashscore.co.uk/match/football/pCf58RR8/#/match-summary,2.77,1.44,66%,34%,23,14,11,6,13,3,"87%,(466/536)","79%,(216/273)",0,1,,,7,3,5,5,1,1,9,7,20,10,6,9,3,8
24.05.2024,02:45,Cagliari,Fiorentina,2:3,https://www.flashscore.co.uk/match/football/M7Gy1qKr/#/match-summary,1.50,1.20,37%,63%,14,11,6,5,4,5,"73%,(175/240)","83%,(365/442)",2,4,,,8,3,0,3,4,1,14,21,22,23,13,14,2,4
